Company Name,State,JAN - DEC 2014,JAN - DEC 2013,DEC 2014,DEC 2013,JAN - DEC 2013,Email
,OK,,,,,,
ABILITY FIRST INC,OK,$316,$131,$316,$0,$131,sandy@powershopinc.org
"AD SPECIALTIES & MORE, LTD",OK,"$1,333",$892,$0,$196,$892,sales@ad-specialties.com
ADA TROPHY CASE,OK,$235,$0,$0,$0,$0,magicts.adatrophy@yahoo.com
ADMIRAL EXPRESS OFFICE SUPPLY,OK,"$6,036","$6,376",$0,$0,"$6,376",shawna@admiralexpress.com;donna@admiralexpress.com
ADMOTIONS DIRECT,OK,$0,$308,$0,$0,$308,larryg@admotions.com
ADVERTISING ANYTHING,OK,"$2,557",$0,$0,$0,$0,mwinfrey@advertisinganything.com; jayme@advertisinganything.com
ADVERTISING SPECIALTIES,OK,$381,$0,$0,$0,$0,KJERSTIE@ADSPECUSA.COM
ALLEGRA TULSA,OK,$0,$152,$0,$0,$152,tsolomon@allegratulsa.com
ANYTHING GOES,OK,$0,$0,$0,$0,$0,AGOES@TELEPATH.COM
A-PROMOTION & APPAREL,OK,$408,$0,$0,$0,$0,a-promotion@cox.net
ARCADIA PRINTING OF TULSA,OK,$0,"$1,280",$0,$0,"$1,280",ACCOUNTING@ARCADIAPRINTING.COM
ARTISTIC APPAREL,OK,$389,$0,$0,$0,$0,artisticapparel@sbcglobal.net
AWARDS ETC,OK,$0,$0,$0,$0,$0,
BAILEY PROMOTION AND MARKETING,OK,$315,$0,$0,$0,$0,brad@baileypromo.com
BALLISTIC BRANDING,OK,$0,"$1,299",$0,$0,"$1,299",randy@ballisticbranding.com
"BEAR'S WEAR, INC",OK,$0,$0,$0,$0,$0, bearswear@bwionline.com
BODY BILLBOARDS,OK,$0,$0,$0,$0,$0,BODYBILLBOARDS@SBCGLOBAL.NET
BRAND INK,OK,$143,$0,$143,$0,$0,bbosu401@gmail.com
BROOKSIDE SPECIALTIES,OK,$0,$100,$0,$0,$100,positivepins1@yahoo.com
BT PRINTING &PROMOTIONAL ITEMS,OK,$0,$0,$0,$0,$0,BTPROMO@COX.NET
"BUSINESS MEDICAL SYSTEMS, INC",OK,$0,$137,$0,$0,$137,ap@bmsiweb.com
C & R PRINT SHOP,OK,$195,$0,$0,$0,$0,teresa@candrprintshop.com
CENTURY CUSTOMS,OK,"$3,862","$4,322",$0,$0,"$4,322",cscarberry@centurymartialarts.com
"CHEAPER T'S, INC",OK,$28,$0,$0,$0,$0,csr@cheaperts.com
CHEROKEE DATA SOLUTIONS,OK,$320,$25,$0,$0,$25,ACCOUNTSPAYABLE@OKCDS.COM
CIMARRON SPECIALTIES,OK,$0,$281,$0,$0,$281,CIMSPEC@COXINET.NET
COMTECH,OK,$408,$0,$0,$0,$0,dmcclure@accesscomtech.com
CORPORATE GOLF AND GIFT,OK,$0,$0,$0,$0,$0,LEDMISON@COXINET.NET
CORPORATE GOLF& GIFT,OK,$475,"$1,186",$0,$0,"$1,186",LEDMISON@COXINET.NET
CORPORATE PROMOTIONS INC.,OK,$188,$240,$0,$0,$240,melissat@letteringexpressok.com
CROSSTHREAD DESIGN & PROMOTION,OK,$405,$433,$0,$0,$433,CROSSTHREADDESIGN@HOTMAIL.COM
CUNNINGHAM GRAPHICS INC.,OK,$435,$0,$0,$0,$0,vgraphx@fullnet.net
CUSTOM IMAGES & PROMOTIONS,OK,"$1,565",$0,$0,$0,$0,thenry@webzone.net
CUSTOM IMPRESSIONS,OK,$0,$0,$0,$0,$0,
DELTA PROMOTIONS TEAM,OK,$0,"$1,410",$0,$0,"$1,410",
DIMENSIONS SPECIALIST INC,OK,"$1,095",$187,$0,$0,$187,printing@dsprinting.com; desiree@dsprinting.com
DPS PRINTING SERVICES INC,OK,$0,$0,$0,$0,$0,marina@dpsprinting.com
ESKIMO JOE'S,OK,$568,"$3,847",$0,$470,"$3,847",ap@ejppg.com; amberf@ejppg.com
"EXCITE PROMOS, INC.",OK,$874,$378,$151,$0,$378,john@excitepromos.com
GOLD STAR EMBROIDERY SCREEN,OK,$0,$0,$0,$0,$0,brenda@goldstarok.com
"GORFAM MARKETING, INC",OK,"$1,720","$1,332",$0,$127,"$1,332",GWEN@GORFAM.COM
GORILLA MEDIA GROUP,OK,$249,$0,$0,$0,$0,gorillamediaokc@gmail.com
GRAPHICS NETWORK,OK,$0,$0,$0,$0,$0,rsahli@graphics-network.com
GREAT PLAINS GRAPHICS OF SHAWN,OK,$193,$0,$193,$0,$0,sales@greatplainsgraphics.com
HENDRYX PRINTING BROKERAGE LLC,OK,$424,$0,$0,$0,$0,sales@hendryxprinting.com
HERITAGE PRESS,OK,"$3,589",$652,$0,$0,$652,mworley@heritageintegrated.com
HI CORP,OK,"$33,172","$2,801","$5,264","$1,519","$2,801",lisa@hicorpinc.com
HOLDER AND SMITH INC,OK,$0,$0,$0,$0,$0,
HOLLEY ADVERTISING SPECIALTIES,OK,$299,$0,$0,$0,$0,sandy@holleyards.com
HOMER MILLER CO.,OK,$0,$0,$0,$0,$0,MILLERDEBBI@HOTMAIL.COM
HOOPER PRINTING & AD SPECILTIE,OK,$0,$0,$0,$0,$0,RANDY@HOOPERCOMPANIES.COM
I WANT PROMOS. COM,OK,$0,$0,$0,$0,$0,WEEZY@IWANTPROMOS.COM
IMAGENATION,OK,"$4,986","$5,704",$166,$0,"$5,704",finance@myipgi.com
"INITIALLY YOURS, INC.",OK,"$1,674",$0,$0,$0,$0,orders@initiallyyours.com
INTEGRITY PROMOTIONAL SOLUTION,OK,$701,"$1,139",$0,$0,"$1,139",erica@integritypromo.net
KELLEY ADVERTISING,OK,"$1,000",$0,$0,$0,$0,
LEGACY SPORTS ACADEMY INC/,OK,$80,$104,$0,$0,$104,4bergys@sbcglobal.net
MARY LYNCH ADVERTISING,OK,$0,$185,$0,$0,$185,mary@marylynchadvertising.com
"McDOWELL INCENTIVES, INC.",OK,$54,$32,$0,$0,$32,Gm@mcdowell-incentives.com
METAL FAB TROPHY & SCREEN PRIN,OK,$376,$0,$0,$0,$0,marti@metalfabtrophy.com
MINDS EYE,OK,$321,$0,$0,$0,$0,msexton@mindseyeads.com
MINUTEMAN PRESS -OKLAHOMA CITY,OK,$593,$0,$320,$0,$0,STAFF@MMPOKC.COM
MOISANT & CO.   MCI,OK,$134,"$1,565",$0,$0,"$1,565",CHRISTI@MOISANT.COM
MTM RECOGNITION CORPORATION,OK,$923,$0,$55,$0,$0,mgabel@mtmrecognition.com
MUDD PRINT PROMO,OK,$0,"$2,347",$0,$0,"$2,347",VINCE@MUDDPRINTANDPROMO.COM
OKLAHOMA BUSINESS FORMS INC,OK,"$2,410",$324,$0,$0,$324,kclark@oklahomabusinessforms.com
OSIYO COMMUNICATIONS,OK,$178,"$1,278",$0,$252,"$1,278",info@osiyocomm.com
PC PROMOTIONS,OK,"$2,792",$0,$168,$0,$0,kphillips@PC-PROMOTIONS.COM
"P-F UNLIMITED, INC.",OK,"$1,221",$556,$202,$0,$556,tom@pfunlimited.com
PINPOINT MONOGRAMS,OK,$663,$630,$0,$0,$630,paula@pinpointus.com;orders@pinpointus.com
PRAIRIE PRODUCTION COMPANY,OK,$252,"$1,518",$0,$0,"$1,518",CARTER@PPRODCO.COM
PREMIER ADVERTISING LLC,OK,$759,$0,$0,$0,$0,info@premieradv.com; reeseent@charter.net
PREMIERE PRESS AND GRAPHICS,OK,$566,$0,$0,$0,$0,mkerby@premierepress.com
PRICE PROMOTIONAL PRODUCTS LLC,OK,$216,$0,$0,$0,$0,CALLDAVE@BELLSOUTH.NET
PRINT IMAGING GROUP,OK,$0,$0,$0,$0,$0,ACCOUNTING@PRINTIMAGING.NET
"PROAD, INC",OK,"$2,738",$400,$0,$0,$400,phenley@proadinc.com
PROFESSIONAL PROMOTIONS/MEEKS,OK,$894,$0,$0,$0,$0,JANINE@MEEKS-GROUP.COM
PROFORMA FAITH MKTG SOLUTIONS,OK,"$1,195","$1,336",$0,$0,"$1,336",ROB.MORRIS@PROFORMA.COM
PROMOS ADVERTISING PRODUCTS,OK,$798,$86,$0,$0,$86,PROMOSACCOUNTING@SBCGLOBAL.NET;promoshelp@sbcglobal.net
PROMOTE 2 WIN ADVERTISING,OK,$550,$0,$0,$0,$0,jeff.zorn@ymail.com
PROMOTIONAL RESOURCE GROUP,OK,$704,"$1,084",$0,$0,"$1,084",tranger@getmorebusiness.com
PROMOTIONS ETC.,OK,$0,$0,$0,$0,$0,okpromotionsetc@aol.com
"PRONTO! PROMOTIONS, INC.",OK,$0,$357,$0,$0,$357,prontopromotions@cox.net
PROSERV BUSINESS PRODUCTS,OK,$366,$0,$0,$0,$0,susan.mason@proservbp.com
"PROSERV BUSINESS PRODUCTS, LLC",OK,$0,$856,$0,$472,$856,neil.trowbridge@proservebp.com; susan.mason@proservbp.com
QUALITY PROMOTIONS,OK,$0,$0,$0,$0,$0,deidre@shopop.com
QUANTUM FORMS,OK,$590,$991,$0,$0,$991,ABLACK@QUANTUMCO.COM
RED RIVER PROMOTIONS,OK,$0,$0,$0,$0,$0,EVAN@REDRIVERPROMOTIONS.COM
ROAR CREATIVE,OK,$756,$0,$0,$0,$0,DAVID@LETSROAR.COM
ROBYN PROMOTIONS AND PRINTING,OK,"$4,864","$6,457",$0,$418,"$6,457",amassey@robynpromo.com
RSI,OK,$961,"$2,810",$0,$0,"$2,810",MPADEN@RSIAUDIO.COM
S&W PROMOTIONS INC,OK,$0,"$1,294",$0,$0,"$1,294",SWPPROMOTIONS@COX.NET
SAFETYCO LLC DBA RATCLIFF INK,OK,$749,$0,$0,$0,$0,travis@ratcliffink.com
SMARTER MEDIA,OK,$711,$0,$0,$0,$0,dseyller@smartermediaok.com
"SMITH DRYDEN, LLC",OK,"$5,932",$426,"$1,182",$0,$426,CS@SMITHDRYDEN.COM
SPC OFFICE PRODUCTS,OK,$701,$0,$0,$0,$0,woodwardprint@spcop.com
"SPEEDY'S T'S & MOR, LLC",OK,$0,$0,$0,$0,$0,chere@speedysts.com
STIKL & ASSOCIATES,OK,$188,$193,$188,$0,$193,chuck@stiklcorp.com
STILLWATER SCREEN & EMBROIDERY,OK,$0,$0,$0,$0,$0,LYNN@STILLWATERSCREENPRINTING.COM
SUMMIT MARKETING/BARKLEY HOUSE,OK,"$1,247",$0,$0,$0,$0,bclark@barkleyhouse.net
SUNSHINE SPECIALTIES,OK,$0,$203,$0,$203,$203,cindy@sunshinespecialtiesadv.com
SYNCO,OK,$178,$0,$0,$0,$0,jrcunningham20@sbcglobal.net;champrings@sbcglobal.net
TACK DESIGNS,OK,$0,$0,$0,$0,$0,hunter@tackdesigns.com
TACK DESIGNS LLC,OK,$0,$982,$0,$0,$982,HUNTER@TACKDESIGNS.COM
TAYLORMADE GRAPHIX LLC,OK,$305,$0,$0,$0,$0,INFO@TAYLORMADEGRAPHIX.COM
TEXOMA PRINT SERVICE,OK,$916,"$5,097",$0,$899,"$5,097",SUE@TEXPRINTONE.COM
TGI ENTERPRISES INC,OK,"$2,462",$0,$0,$0,$0,ACCOUNTING@TGIPROMO.COM
THE CORSER GROUP INC.,OK,$0,$368,$0,$0,$368,corsergroup@cs.com
THE DOCUMENT CENTRE,OK,$412,$581,$0,$0,$581,charley@copydude.com
THE IMAGE GROUP,OK,$0,$0,$0,$0,$0,
THE PRINTERSOF OKLAHOMA LLC,OK,$0,$502,$0,$0,$502,WAYNE@THEPRINTERSOFOKLAHOMA.COM
THE SPECIALTY HOUSE,OK,$0,$0,$0,$0,$0,dlb@thespecialtyhouse.net
TOWNSEND MKTG INC.,OK,$917,$321,$0,$0,$321,kent@townsendmarketing.com
TROPHY AND PLAQUE PLUS,OK,$0,$0,$0,$0,$0,accounting@tappllc.com
TS&H SHIRT COMPANY INC,OK,$0,"$1,449",$0,$0,"$1,449",TSHSALES@SBCGLOBAL.NET
UNIPRO BUSINESS RESOURCES,OK,$95,$0,$0,$0,$0,unipro@unipro1.com
UNIQUEXTRAS,OK,$0,$0,$0,$0,$0,uniquextras@cox.net
WALKER COMPANIES,OK,$743,$240,$406,$0,$240,desiree@walkercompanies.com
WITTY IDEAS,OK,$429,$0,$0,$0,$0,WITTYIDEAS@SBCGLOBAL.NET
OK,TOTAL:,"$112,473","$69,187","$8,754","$4,556","$69,187",
State:,TX,,,,,,
2.3 GRAPHICS,TX,"$2,933",$0,$0,$0,$0,bethany@2-3graphics.com
2LC GRAPHICS,TX,$0,$225,$0,$0,$225,GRAPHICS2LC@SBCGLOBAL.NET
2M BUSINESS PRODUCTS,TX,$-421,$356,$0,$356,$356,mohammed@2mbp.com
360 PRESS SOLUTIONS,TX,$0,$0,$0,$0,$0,micaho@360presssolutions.com
413 STRENGTHGEAR,TX,"$2,192",$474,$0,$0,$474,jodi@413sga.com
A & K PRODUCT SPECIALTIES,TX,$462,$176,$0,$0,$176,KRIS@AKPRODUCTS.COM
A & N AWARDS AND PROMO,TX,$0,$314,$0,$0,$314,AN.AWARDS@VERIZON.NET
A GREAT IDEA,TX,"$4,045",$0,$0,$0,$0,PAT@AGREATIDEA.BIZ
A TURTLE LOVES ME,TX,$271,$744,$271,$0,$744,MICHELLE@ATURTLELOVESME.COM
"A.J. BART, INC.",TX,"$9,660","$15,460",$0,"$7,635","$15,460",betsyh@ajbart.com
AA XPRESS UNLIMITED,TX,$366,$0,$0,$0,$0,LISAVADAMS@AOL.COM
AAA TROPHY AND ENGRAVING,TX,$164,$549,$0,$0,$549,HEJBEV@SWBELL.NET
ABF PRINTING SERVICES,TX,$0,$351,$0,$0,$351,joey@abfprint.com
ABSOLUTE - ALL SPORTS,TX,$404,$78,$0,$0,$78,laura@asc-ast.com
ABSOLUTE COLOR,TX,$176,$0,$176,$0,$0,christy@absolutecolor.net
ABSOLUTE UNIFORM CO INC,TX,$0,$192,$0,$0,$192,middletonl@hotmail.com
AC PRINTING,TX,$168,$170,$0,$0,$170,John@acprinting.com
ACADEMY ADVG SPECS & AWARDS,TX,"$2,534","$2,316",$0,$0,"$2,316",myesha@academyadvawards.com
ACCENT ENTERPRISES,TX,$646,$0,$0,$0,$0,sandyredd11@hotmail.com
ACCOLADES AWARDS & ENGRAVING,TX,$0,$0,$0,$0,$0,SALES@ACCOLADES4U.COM
ACCUSOURCE SOLUTIONS,TX,$0,$423,$0,$0,$423,accounting@accusourcesolutions.net
ACF AWARDS & AD SPECIALTIES,TX,$329,$0,$0,$0,$0,darlenemanderson@yahoo.com
ACTION TROPHIES & AWARDS,TX,$0,$542,$0,$0,$542,bj@atawards.com; bob@atawards.com
ACUGRAPHICS EMBROIDERY & MORE,TX,$0,$0,$0,$0,$0,RANDY@ACUGRAPHICS.COM
AD CLARITY,TX,$731,$0,$0,$0,$0,may@ad-clarity.com
AD F/X,TX,$0,"$1,723",$0,$0,"$1,723",adfxpromos@yahoo.com
AD IMAGE,TX,$844,$-169,$0,$0,$-169,vlees@adimageonline.com
AD PRO        TX,TX,$0,$0,$0,$0,$0,adpro1@sbcglobal.net
AD PRO SPECIALTIES     S.A.TX,TX,$172,$200,$0,$200,$200,ADPROSPECIALTIES@SBCGLOBAL.NET
AD RADIANCE,TX,$0,$930,$0,$0,$930,JENNIFER@ADRADIANCE.COM
ADAIR PRINTING & PROMOTIONS,TX,$0,$211,$0,$0,$211,loren@adairservices.com
AD-CENTIVES,TX,"$1,965","$1,297",$472,$0,"$1,297",ad-centives@comcast.net
"ADCO ADVERTISING, INC.",TX,$309,$0,$0,$0,$0,ADCOAUSTIN@GMAIL.COM
ADDISON PROMOTIONS,TX,$0,$0,$0,$0,$0,SWT91TUL47@AOL.COM
AD-EASE SPECIALTY ADVERTISING,TX,"$1,195",$565,$0,$565,$565,adease@gvec.net
ADERO PROMOTIONS INC,TX,$0,$0,$0,$0,$0,sales@aderopromotions.com
AD-IMAGE CREATIVE PROMOTIONS,TX,$0,"$1,532",$0,$0,"$1,532",adimagedallas@aol.com
ADMARK,TX,$0,$364,$0,$0,$364,KRISTEEN@SUDDENLINKMAIL.COM
ADOBE SIGNS & T-SHIRTS,TX,$142,$321,$0,$0,$321,adobepj2@yahoo.com
AD-ON PROMO,TX,$150,$309,$0,$0,$309,sarah@ad-onproducts.com
ADP-LLC,TX,$374,$0,$0,$0,$0,rbrown@adp-llc.com
ADPOWER,TX,"$1,106","$2,328",$0,$487,"$2,328",ACCOUNTING@ADPOWERINC.COM
ADRIANS PROMOTIONS,TX,$0,$229,$0,$0,$229,hugoadrian68@yahoo.com
ADS AND IMAGES,TX,$0,$194,$0,$0,$194,
ADSMITH PROMOTIONS,TX,$0,"$1,102",$0,$0,"$1,102",DONNABOYTER@GMAIL.COM
"ADVANCED GRAPHIC PRODUCTS, INC",TX,$147,$0,$147,$0,$0,ap@advanced-online.com
ADVANCED GRAPHIX,TX,"$1,322","$2,069",$0,$0,"$2,069",mandi@advancedgraphix.net;stevem@advancedgraphix.net
ADVANCED MONOGRAMMING,TX,$0,$0,$0,$0,$0,JVNFW@AOL.COM
ADVANCED PROMOTION,TX,$0,$218,$0,$0,$218,ERICA.SMITH@CHARTER.NET
ADVANTAGE SALES PROMOTION CO.,TX,$407,$0,$0,$0,$0,marc@asp33.com
ADVANTAGE SPECIALTIES,TX,$0,$0,$0,$0,$0,bill@advantagespecialties.com
ADVENTURES             TX,TX,"$1,434",$0,$0,$0,$0,LENNY.ADVENTURES@GMAIL.COM
ADVERTISING CONCEPTS  TX,TX,$0,"$2,648",$0,"$1,178","$2,648",adcon@satx.rr.com
ADVERTISING SPECIALTIES,TX,$0,"$2,419",$0,$0,"$2,419",
ADVICE PROMOTIONS,TX,$669,$480,$0,$0,$480,advicepromotions@austin.rr.com
AD-WEAR & SPECIALTY OF TEXAS,TX,"$2,601","$3,385",$135,$561,"$3,385",beatrice@adweartex.com
ADWHITE PROMOTIONS,TX,$203,$0,$0,$0,$0,twhite@adwhite.com
AJL ADVERTISING SPECIALTIES,TX,$719,$712,$0,$0,$712,TINA@AJLADVERTISING.COM
AKTIS ENTERPRISE INC,TX,"$2,627",$543,$0,$0,$543,sanjiv@arriainc.com
ALADDIN SPECIALTY,TX,$175,$0,$0,$0,$0,flitt@sbcglobal.net
ALAMO CUSTOM ADVERTISING,TX,$0,$290,$0,$0,$290,
ALEJO USA,TX,$0,$511,$0,$0,$511,alejousa@alejousa.com
ALEXANDER RESOURCE GROUP,TX,$396,$0,$0,$0,$0,alexanderresourcegroup@gmail.com
ALL GOODS LLC,TX,$408,$0,$408,$0,$0,Hchatwell@allgoodsllc.com
ALL IN ONE PRINTING,TX,$0,$0,$0,$0,$0,russellallinoneprinting@gmail.com
ALL PRINTING,TX,$0,$0,$0,$0,$0,jose@all-printing.com
ALL STAR CAPS,TX,$474,$893,$0,$0,$893,karent@allstarcaps.com
ALLEGRA PRINT & IMAGING,TX,$135,$0,$135,$0,$0,allegra@allegrasanantonio.com
ALLEGRA PRINT & IMAGING,TX,"$2,332",$0,$0,$0,$0,KIMBERLY@ALLEGRATX.COM
ALLEGRA PRINT & IMAGING,TX,"$1,616",$914,$0,$0,$914,DONNA@ALLEGRAHOUSTON.COM
ALLEGRA PRINT & IMAGINMG,TX,$876,$0,$0,$0,$0,allegrahgn@att.net
ALLIED ADVERTISING,TX,$0,"$3,075",$0,$0,"$3,075",JENNIFER@ALLIEDAD.COM
ALLISON'S,TX,$0,$196,$0,$0,$196,sp@aol.com
ALLMARK IMPRESSIONS,TX,$240,$0,$0,$0,$0,allmark7@aol.com
ALPHAGRAPHICS,TX,$0,$539,$0,$0,$539,gina.vitale@alphagraphics.com
ALPHAGRAPHICS # 152,TX,$0,$0,$0,$0,$0,jcavazos@alphagraphics.com
ALPHAGRAPHICS #391,TX,$434,$0,$0,$0,$0,gwenmcalister@alphagraphics.com
ALPHAGRAPHICS BRYAN/COLLEGE,TX,$152,$0,$0,$0,$0,info@alphagraphics.com
ALREADY GEAR,TX,$208,$647,$0,$0,$647,TERESA@ALREADYGEAR.COM
AMAZING AWARDS INC.,TX,$0,$539,$0,$0,$539,INFO@AZAWARDS.COM
AMERICAN DISPLAY PRODUCTS,TX,"$2,125",$0,$0,$0,$0,SSULLIVA@NCH.COM
AMERICAN MARKETING PROMOTIONS,TX,$115,$0,$115,$0,$0,muriello@sbcglobal.com
AMERIGRAFIX,TX,$540,$0,$0,$0,$0,sales@amerigrafix.net
AMERISOURCE COMPANIES,TX,$0,$0,$0,$0,$0,
"AMSTOCK, L.P.",TX,$0,$0,$0,$0,$0,LARRY@AMSTOCK.NET
ANN WERME MARKETING GROUP,TX,"$1,740",$814,$848,$0,$814,rusty@annwermegroup.com
ANNA BREED DBA IMPRINTED PRODU,TX,"$1,298",$0,$0,$0,$0,ANNA@IMPRINTED-PRODUCTS.COM
ANNETTE & ASSOCIATES,TX,$0,$153,$0,$0,$153,mimiannettesilver@gmail.com
ANOTHER BASKETCASE,TX,$186,$0,$0,$0,$0,alichia@anotherbasketcase.us
ANYTHING PROMOTIONAL,TX,$361,$0,$0,$0,$0,JENNIFER@ANYTHINGPP.COM
APOLLO IMPRINTS,TX,$162,$0,$0,$0,$0,ben@apolloimprints.com
APPAREL ART,TX,$0,$0,$0,$0,$0,APPARELARTRETAIL@AOL.COM
APPLAUSE PROMOTIONAL PRODUCTS,TX,$356,$0,$0,$0,$0,rick@applausepromo.com
"APPLAUSE SPECIALTY ITEMS, INC",TX,$0,$0,$0,$0,$0,applausetx@aol.com
APPLE SPECIALTY ADVERTISING,TX,"$2,729","$1,446",$0,$594,"$1,446",JANE@APPLESPECIALTY.COM;TERRI@APPLESPECIALTY.COM
"APPLETREE PROMOTIONS, INC.",TX,$477,$482,$0,$0,$482,jodi@appletreepromotions.com
APROPOS PROMO,TX,$0,$0,$0,$0,$0,susan@apropospromo.com
ARC PROMOTIONAL DESIGN     **,TX,$512,$452,$0,$0,$452,allan@arcpromo.com
ARD APPAREL & PROMOTIONS,TX,$555,$0,$0,$0,$0,sard@aaptexas.com
ARMADILLO ADVERTISING,TX,$0,$0,$0,$0,$0,cschaefer@armadilloadvertising.com
ARSPEC INC.,TX,$0,$691,$0,$0,$691,arspecinc@aol.com
ASH - ALLMOND,TX,"$3,159",$0,$0,$0,$0,candy@ashallmond.com
"ASH-ALLMOND ASSOCIATES, INC.",TX,$0,$0,$0,$0,$0,
ASPEN IMAGING,TX,$229,"$2,448",$0,$0,"$2,448",TLOPEZ@THINKSIGNATURE.COM
ASSIST MODE,TX,$262,$0,$0,$0,$0,lakesharaynor@gmail.com
ASSOCIATE ADVERTISING      TX,TX,$544,$0,$0,$0,$0,assocad1@aol.com
AUS-TEX PRINTING & MAILING,TX,$867,$0,$0,$0,$0,DEBORAHHERN@AUSTEX.COM
AUSTIN AD GROUP,TX,$262,"$3,363",$0,$0,"$3,363",tanya@AUSTINADGROUP.COM
AUSTIN AWARDS AND PROMOTIONS,TX,$0,$0,$0,$0,$0,rphinney@rocketmail.com
AUSTIN DIGITAL PRINTING,TX,$0,$935,$0,$0,$935,JENNY@AUSTINDIGITAL.BIZ
AUSTIN SCREEN PRINTING,TX,$180,$0,$0,$0,$0,kyle@asp-aei.com
AUSTINTATIOUS ADVERTISING,TX,$519,"$2,741",$0,$0,"$2,741",tatious@aol.com
AV GRAPHICS,TX,$503,$0,$0,$0,$0,angie@avgraphics.net
AWARD SPECIALIST,TX,$0,$0,$0,$0,$0,AWARDSPECIALIST@SBCGLOBAL.NET
AWARDS & ENGRAVING,TX,$279,$0,$0,$0,$0,myhelpdesk@awards-engraving.com
AWARDS & MORE,TX,$849,$214,$0,$0,$214,AWARDS@TXCYBER.COM
"AWARDS 4 WINNERS, INC",TX,$0,$0,$0,$0,$0,A4W-INCORPORATED@ATT.NET
AWARDS BY GULF COAST TROPHIES,TX,$0,"$1,560",$0,$0,"$1,560",SALES@GCTAWARDS.COM
"AWARDS OF DISTINCTION, INC.",TX,$188,$301,$0,$0,$301,marcia@awardsofdistinction.com
AXIOM ADVERTISING,TX,$351,$228,$0,$0,$228,kimk@cdpaxiom.com
AZTEC CUSTOM SCREENPRINTING,TX,$186,$622,$0,$0,$622,aaron.messick@aztecworld.com
B & B ADVERTISING,TX,$0,$691,$0,$402,$691,bbott21@verizon.net
B TO B PRINTING & PROMOTIONAL,TX,$488,$243,$0,$0,$243,EBattelle@aol.com
B2B IMPRINTS,TX,$542,$0,$0,$0,$0,MARK@B2BIMPRINTS.COM
BACKSTAGE GRAPHICS,TX,$615,$0,$0,$0,$0,josh@backstagegraphics.com
BADGEMAN PROMOTIONAL PRODUCTS,TX,"$4,637","$3,756",$0,$186,"$3,756",BMPROMO@SWBWLL.NET
BALBOA COMPANY,TX,$0,$509,$0,$0,$509,balboa@balboacompany.com
BANKERS PRODUCTS & PRINTING,TX,$338,$347,$0,$0,$347,info@bankersproducts.net;accounting@bankersproducts.net
BARBARA LAGATTA PROMOTIONAL,TX,$527,$0,$318,$0,$0,barbara_lagatta@msn.com
BAT CITY AWARDS & APPAREL,TX,$0,$818,$0,$0,$818,eric@batcityawards.com
BAUMANN PROMOS,TX,"$1,544",$0,$330,$0,$0,gbaumann@baumannpromos.com
BEAED,TX,$393,$0,$0,$0,$0,whitney@beaedcc.com
BEAED CORP.,TX,$514,"$1,150",$0,$484,"$1,150",LIZ_A@BEAED.COM
BEAED CORP. OF BEAUMONT INC,TX,$250,$0,$0,$0,$0,VSTOVALL@BEAED.COM
BEEHIVE SPECIALTY,TX,$538,$0,$0,$0,$0,DONNA@SPECIALBEE.COM
BEE-LINE PROMOTIONS,TX,$343,$0,$0,$0,$0,bee_line_promo@yahoo.com
BEE-TREE PROMOTIONAL PRODUCTS,TX,$309,$0,$0,$0,$0,CUSTOMERSERVICE@BEE-TREE.COM
BELLS PROMOTIONAL PRODUCTS,TX,"$40,676","$8,258","$5,214",$0,"$8,258",nancy@imprintmall.com;tracy@bells.com
BENCHMARK EVENTS & PROMOTIONS,TX,"$1,312","$1,269",$0,$702,"$1,269",tmayfield@benchmarkep.com
BEST LITTLE PROMO HOUSE IN TX,TX,$177,"$3,091",$0,$0,"$3,091",sales@promotionalproducts.net
BEST PROMOTIONS,TX,$0,$0,$0,$0,$0,
BEST SOURCE PROMOTIONS,TX,$0,"$1,143",$0,$0,"$1,143",BESTSOURCEPROMO@YAHOO.COM
"BF PRODUCTS & SERVICE, INC.",TX,$399,$0,$0,$0,$0,FEARS7@AOL.COM
"BIG BEND ADVERTISING COM., LLC",TX,$399,$0,$0,$0,$0,sales@bigbendadv.com
BIG D PROMOTIONS LLC,TX,$256,$0,$0,$0,$0,sales@bigdpromos.com;mike@bigdpromos.com
BIG PICTURE PROMOS,TX,$0,$283,$0,$0,$283,DAWN.SOUTH@BIGPICTUREPROMOS.COM
BIG STAR BRANDING,TX,"$1,512",$0,$884,$0,$0,accounting@bigstarbranding.com
BIGGERFISH LLC,TX,"$1,460","$1,385",$0,$0,"$1,385",C2@BIGPROMOTIONS.NET; rich@bigpromotions.net
BILLINGSLEY GROUP,TX,$0,$0,$0,$0,$0,USER6503@AOL.COM
BJ'S SPECIAL TEES,TX,$771,$0,$0,$0,$0,bjsspecialtees@gmail.com
BLACK GRAPHICS,TX,$0,$419,$0,$0,$419,MICHAEL@BLACKGRAPHICSADV.COM
BLAHUTA ADVERTISING,TX,$383,$0,$0,$0,$0,mleopold@blahutaadvertising.com
"BLOOM EMBRO, INC.",TX,$0,$0,$0,$0,$0,mary@bloominc.com
BLUE JUNGLE MARKETING,TX,$0,$188,$0,$0,$188,jim@bluejunglemarketing.com
"BLUE MOON SPORTSWEAR, INC.",TX,$313,"$1,076",$0,$0,"$1,076",hollyb@bluemoonsportswear.com
BLUE MOOSE TEES,TX,$0,"$1,320",$0,$0,"$1,320",MSELESKA@BLUEMOOSETEES.COM
BLUE RIBBON PROM DBA/CALFEE,TX,"$1,243",$951,$0,$0,$951,ACCOUNTING@CALFEESPECIALTIES.COM
BLUE STAR GRAPHICS & DESIGNS,TX,"$3,157","$2,191",$0,$0,"$2,191",cconway@bluestargraphic.com
BN PROMOS,TX,$0,$572,$0,$0,$572,info@bnpromos.com
BOB LILLY PROFESSIONA (TX),TX,"$1,093","$7,666",$792,$0,"$7,666",ap@boblillypromo.com
BOBITT ADVERTISING,TX,$0,$149,$0,$0,$149,bobittsadv@att.net
BONEHEAD GRAPHICS,TX,$0,$0,$0,$0,$0,SALES@BONEHEADGRAPHICS.COM
BORAL BRANDERS LLC,TX,$827,$0,$0,$0,$0,BBINFO@BORALBRANDERS.COM; ACCOUNTING@BORALBRANDERS.COM
BOSS & HUGHES,TX,"$2,242",$0,$0,$0,$0,accounting@bosshughes.com
BOUNDLESS NETWORK,TX,"$81,909","$60,530","$3,832","$6,220","$60,530",accountspayable@boundlessnetwork.com; support@boundlessnetwork.com;
BRADY HULL & ASSOCIATES,TX,$0,$0,$0,$0,$0,LATISA@BRADYHULL.COM
BRAGG RESOURCES,TX,$853,"$1,126",$0,$0,"$1,126",jbragg753@gmail.com
BRAND BUILDERS COMPANY,TX,$604,$328,$396,$0,$328,david@brandbuildersmail.com
BRAND IQ,TX,"$6,047","$3,150",$0,$0,"$3,150",ACCOUNTING@BRANDIQINC.COM
BRAND IT BANDITS,TX,$0,$0,$0,$0,$0,JENNIFER@BRANDITBANDITS.COM
BRAND IT PROM..,TX,$0,$0,$0,$0,$0,
BRAND MANAGEMENT PROFESSIONALS,TX,"$5,092","$3,935",$238,$327,"$3,935",ap@bmpdirect.com
BRAND THE WORLD,TX,$0,$0,$0,$0,$0,sales@brandtheworld.com
BRANDED T'S,TX,$0,$0,$0,$0,$0,angela_medellin79@yahoo.com
"BRANDING BOX CREATIVE, LLC",TX,$0,$0,$0,$0,$0,kelley@brandingboxcreative.com
BRANDING RESOURCES,TX,"$2,039","$1,007",$0,$221,"$1,007",ACCOUNTING@BRANDING-RESOURCES.COM;melisa@branding-resources.com
BRANDING WORKS LTD,TX,$231,$0,$0,$0,$0,laurie@brandingworksltd.com
BRANDING YOUR BIZ,TX,$0,$257,$0,$0,$257,sales@brandingyourbiz.net
BRAVO ADVERTISING,TX,$203,$226,$0,$0,$226,mireya.p@bravoad.com
BREAKTHRU PROMOTIONAL SOLUTION,TX,$212,$367,$0,$0,$367,TDODGE@BREAKTHRUPROMO.COM
BRIGHT SIDE PRINT & PROMOTIONS,TX,$237,$0,$0,$0,$0,marytopham@brightsideprint.com
BRONS & COMAPANY,TX,$148,$0,$148,$0,$0,BRONSANDCO@AOL.COM
BROWN & BIGELOW DALLAS,TX,$191,$0,$0,$0,$0,HLOPER@BROWNANDBIGELOW.COM
BROWN AND PARTNERS,TX,"$5,050",$0,$0,$0,$0,bnunes@artizenstudios.com
BROWN SPECIALTIES,TX,$0,$0,$0,$0,$0,barbpromosales@aol.com
BRYANT INNOVATIONS,TX,$0,$758,$0,$0,$758,SBRYANT@BRYANTPROMOS.COM
"BTH SALES & MARKETING, INC",TX,$0,$0,$0,$0,$0,brian@bthsales.com
BUFFALO SPECIALTIES INC.,TX,"$5,872","$7,382",$0,$0,"$7,382",billing@buffspec.com
BULLPEN MARKETING,TX,$327,$0,$0,$0,$0,sheri.deloney@bullenmarketing.com;accounting@bullpenmarketing.com
BULLSHIRTS,TX,"$1,450",$0,$0,$0,$0,luzvindah@bull-shirts.com
"BURNS GRAPHICS, INC.",TX,$494,$0,$0,$0,$0,accounting@burnsgraphics.com
BURRELL PROMOTIONS,TX,$326,"$1,290",$0,$0,"$1,290",laura@burrellprinting.com
BUSINESS ACCENTS,TX,$0,$0,$0,$0,$0,art@businessaccents.com
"BUSINESS SPIRIT, INC.",TX,$690,$218,$690,$0,$218,susan@businessspirit.net
C & B PRINTING,TX,$0,$0,$0,$0,$0,SHRESE@CANDBPRINTING.COM
C&E SPECIALTIES,TX,$0,$481,$0,$0,$481,callcespec@aol.com
"C. H. HARDEN, JR. ENTERPRISES",TX,"$1,960","$1,227",$0,$213,"$1,227",chharden@sbcglobal.net
CADENA SPECIALTY ADVERTISING,TX,$199,$0,$0,$0,$0,cadenaspecialty@yahoo.com
CALENDARIOS LANDIN,TX,$0,$917,$0,$0,$917,BRENDA@CALENDARIOSLANDIN.COM
"CALJOY CONCEPTS, INC.",TX,"$1,026",$0,$0,$0,$0,CAL@CALINTERNATIONAL.COM
CAMDON GRAPHICS,TX,"$1,053","$1,433",$0,$0,"$1,433",marta@camdongraphics.com
CANYON PRODUCTS INCORPORATED,TX,$309,$0,$0,$0,$0,canyonproducts@midplains.coop
CAP INC,TX,"$1,118",$0,$0,$0,$0,CAPINCMEL@GMAIL.COM
"CAPRICE PRODUCTION, INC",TX,$730,$242,$0,$0,$242,pat@capriceproductions.com
CARROLL PRINTING & PROMOS,TX,$605,$0,$0,$0,$0,Rholt@rhbookkeeping.com;debdavis@carrollprinting.com
CASH ADVERTISING CO.,TX,$0,"$1,528",$0,$0,"$1,528",l.taylor@cashadvertising.com
CATALYST MARKETING,TX,$0,$0,$0,$0,$0,stephaniej@catmarketing.com
CBI-ROBCO PROMOTIONAL,TX,$0,$0,$0,$0,$0,ROB@CBI-PROMO.COM
CC CREATIONS,TX,$184,$994,$0,$0,$994,s.villalta@cccreationsusa.com
CENTEX RECOGNITION,TX,"$1,646",$635,$0,$635,$635,shannonh@ctrecognition.com
CENTRAL BUSINESS MARKETING,TX,$259,$0,$0,$0,$0,sales@centralbusiness.com
"CENTURY GRAPHICS AND SIGN, INC",TX,"$1,633",$558,$515,$0,$558,promotional@centurygs.com
CFJ MANUFACTURING,TX,"$10,736","$5,311",$895,"$1,487","$5,311",accounts.payable@cfjmfg.com;pmiller@cfjmfg.com
CHAMPION PROMOTIONS & PRINTING,TX,$0,$693,$0,$0,$693,gilmorep@swbell.net
CHANGO PROMOTIONAL PRODUCTS,TX,$0,$0,$0,$0,$0,RUDY@CHANGOPROMOS.COM
CHAPPELL OFFICE PRODUCTS,TX,$359,$0,$0,$0,$0,cops@sbcglobal.net
CHARCO,TX,$230,$0,$230,$0,$0,bwaller@gocharco.com
"CHASE MARKETING ASSOCIATES,INC",TX,"$2,613",$0,$856,$0,$0,ChaseMark@aol.com
CHILLUS PROMO APPAREL,TX,"$1,076","$3,771",$0,$0,"$3,771",chillus@chillus.us
CLA PRINTING PLUS,TX,$253,$0,$0,$0,$0,cla383@aol.com
"CLASSIC FORMS AND PRODUCTS, IN",TX,$645,"$2,275",$0,$0,"$2,275",deena@classfp.com
CLASSY PROMO,TX,"$4,350","$1,856",$0,$0,"$1,856",sales@classypromo.com
"COLLIER-HICKMAN, INC",TX,$212,$0,$0,$0,$0,Bill@whatapromo.com
COLOR VISUAL CONCEPTS INC,TX,$0,$0,$0,$0,$0,amy@qualityprintingcheap.com
COMMERCIAL PRINT SOLUTIONS,TX,"$1,345",$0,$0,$0,$0,WILSON@COMMPRINTSOLUTIONS.COM
COMPASS PROMOTIONAL PRODUCTS,TX,$0,$175,$0,$0,$175,jack@ledgersheet.net
COOK ADVERTISING SPECIALTIES,TX,$397,$0,$0,$0,$0,payables@cookadv.com
COOL GLOW,TX,$259,$0,$0,$0,$0,ace@coolglow.com
COOL STUFF,TX,$675,$0,$0,$0,$0,susan@coolstuffdallas.com
COOL THREADS,TX,$348,$816,$0,$179,$816,coolthreads@airmail.net
COOPER STEPP & ASSOCIATES,TX,$383,$454,$0,$0,$454,SARAH@COOPERSTEPP.COM
CORE MEDIA,TX,$330,$0,$0,$0,$0,RICK@COREMEDIAWORLD.COM
CORNERSTONE MEDIA,TX,$194,$0,$0,$0,$0,keith@cornerstoneadgroup.com
CORPORATE IDENTITY,TX,$0,$0,$0,$0,$0,
"CORPORATE INCENTIVES, INC",TX,"$1,113",$288,$0,$0,$288,patrick@corporate-incentives.com
"CORPORATE INCENTIVES, INC",TX,"$2,420",$333,$589,$65,$333,INVOICES@CORP-INC.COM
CORPORATE SPECIALTY PRODUCTS,TX,$0,$867,$0,$0,$867,SEROTH1@GTE.NET
CORPORATE WEAR USA,TX,"$2,504","$1,342",$0,$0,"$1,342",heather@corporatewearusa.com
COS-ROBCO PROMOTIONAL,TX,"$1,263",$0,$0,$0,$0,rob@cbi-promo.com
COTTON CARGO,TX,$927,$0,$0,$0,$0,KALAN@COTTENCARGO.COM
COULDN'T LOOK BETTER/CLB,TX,"$2,715",$439,$0,$0,$439,amberc@couldntlookbetter.com
COWGIRL SPECIALTIES & PROMOTIO,TX,$327,$368,$0,$201,$368,RACHEL@COWGIRLPROMOS.COM
CREATIVE AWARDS & TROPHIES,TX,$0,$409,$0,$0,$409,ACCT@CREATIVEAWARD.COM
CREATIVE AWARDS SERVICE/AWARDS,TX,$0,$0,$0,$0,$0,
CREATIVE DESIGN MARKETING,TX,$220,$0,$0,$0,$0,DEBBIE@CDMKTG.COM
CREATIVE EXPRESSIONS UNLIMITED,TX,"$2,141","$7,099",$0,$0,"$7,099",CEU@IX.NETCOM.COM
CREATIVE GRAPHIC SOLUTIONS,TX,"$1,376","$1,000",$0,$0,"$1,000",JEANNE@CGSPAGE.COM
CREATIVE IMAGE ADVERTISING,TX,"$4,156","$5,586","$1,091","$1,316","$5,586",LISA_CREATIVEIMAGE@EARTHLINK.NET
CREATIVE SPECIALTIES,TX,"$2,119",$0,$0,$0,$0,karen.creativespecialties@gmail.com
CREATIVE STITCHES,TX,$232,"$3,461",$0,$0,"$3,461",sophia@applausepromo.com
CREATIVEANDFAST BIZ,TX,$176,$248,$0,$0,$248,jim@creativeandfast.biz
CREDIT UNION MARKETING,TX,$507,$0,$0,$0,$0,candy@creditunionmarketing.com
CROWN TROPHY,TX,$192,$0,$0,$0,$0,crown_trophy@verizon.net
CT PROMOTIONAL PRODUCTS,TX,$188,$0,$0,$0,$0,ctpromotional@gmail.com
CTL MARKETING,TX,$0,$0,$0,$0,$0,cleonard@ctlmarketing.com
CURVES FOR WOMEN II LC IN,TX,$0,$0,$0,$0,$0,accountspayable@curves.com
"CUSTOM CONCEPTS, INC",TX,$0,$0,$0,$0,$0,info@ccipromo.com
CUSTOM IMPRINT AMERICA,TX,"$1,137",$595,$804,$0,$595,CIA@CUSTOMIMPRINTAMERICA.COM
CUSTOM T'S,TX,$0,$0,$0,$0,$0,MISTY@CUSTOMT-S.COM
CUTTING EDGE ADVERTISING,TX,"$2,526","$1,730",$260,$599,"$1,730",FRONT@CUTTINGEDGEAD.COM
D & J ADVERTISING ASSOCIATES,TX,$0,$988,$0,$609,$988,dpopnoe@yahoo.com
D&L PLASTIC SCREENING,TX,$170,$0,$0,$0,$0,dlplastic@pathwayz.com
DAOS BUSINESS SERVICES,TX,$967,$0,$0,$0,$0,ocruz@daosbiz.com
"DATA BUSINESS FORMS, INC.",TX,"$1,467",$171,$0,$0,$171,CAROL@DATATPS.COM
DAVID'S APPAREL,TX,$782,$0,$0,$0,$0,texasrp@aol.com
DAVIS & STANTON,TX,"$6,775",$445,$0,$0,$445,CHARLEE@DAVSTAN.COM; mpaus@davstan.com
DBS MARKETING PROMOTIONS LLC,TX,$0,$110,$0,$0,$110,sme@dbcpromotions.com
DEBBIE BERGEN,TX,$282,"$1,907",$0,$0,"$1,907",debbiepro@aol.com
DECKER SPECIALTY ADVERTISING,TX,$666,$713,$0,$0,$713,mark@deckerspecialty.com
DEI ROSSI MARKETING,TX,"$9,221","$9,283","$1,368","$3,706","$9,283",bina@deirossi.com
DELANE'S AD SPECIALTIES,TX,$113,"$1,537",$0,$0,"$1,537",rhunter@delanes.com
DELIKATE PRINTS,TX,"$2,480",$0,$184,$0,$0,delikateprints@hotmail.com
DENTON DEPOT,TX,"$8,507","$10,363",$0,$485,"$10,363",info@dentondepot.com
DES FINANCIAL SERVICES,TX,$0,$874,$0,$0,$874,angela.fitch@printadd.com
DESIGN CENTER SIGNS,TX,$303,$433,$0,$0,$433,orders@designcentersigns.com
DESIGN WAREHOUSE,TX,$337,$0,$151,$0,$0,ABERGER@DWTEXAS.COM
DESIGNS IN THREADS,TX,"$7,020","$3,125","$2,299",$0,"$3,125",purchasing@designs-in-thread.com
DETAIL PRODUCTS,TX,$875,"$2,562",$0,$0,"$2,562",ldupaquier@detail-products.com
DFW PROMO,TX,$100,$0,$0,$0,$0,sales@dfwpromo.com
DH PROMOTIONAL PRODUCTS,TX,$335,$0,$0,$0,$0,terry.robinson@dhpromotional.com
DIAMONDBACK PRINTING &PROMO,TX,$556,$498,$0,$0,$498,LONGHORN78.ST@GMAIL.COM
DIFFERENT DRUMMER PROMTIONS,TX,$463,$0,$0,$0,$0,RON@DIFFERENTDRUMMERPROMOTIONS.COM
DIGI-COLOR,TX,"$6,171",$0,$0,$0,$0,CMARTIN@DIGI-COLOR.COM;ap@digi-color.com
"DIGITAL CORPORATE CO., INC.",TX,$354,$160,$0,$0,$160,sandy@digitalpub.biz
DIGITOUCH MEDIA,TX,$585,$0,$0,$0,$0,payables@digitouchmedia.com
DINOSAUR PLASTICS,TX,"$1,078",$544,$0,$0,$544,info@dinosaurplastics.com
DIPUMA,TX,"$1,055",$239,$0,$0,$239,info@dipuma.com
DISTINCTIVE IMAGE LLC,TX,$359,$0,$0,$0,$0,steve.benson@distinctiveimagellc.com
DISTINCTIVE MKTNG. IDEAS,TX,"$3,146","$3,767",$236,$228,"$3,767",ACCOUNTING@DMIPROMOTIONS.COM
DIVINE IMPRINTS,TX,$443,$0,$0,$0,$0,ADAMD@DIVINEIMPRINTS.COM
DK ADVERTISING,TX,$0,$0,$0,$0,$0,
DLM BRANDED PROMOTIONS,TX,"$1,362",$0,$0,$0,$0,dmcbee@dlmbrandedpromos.com
DNH PROMOTIONAL MARKETING,TX,$0,$267,$0,$0,$267,SALES@DNHPROMOS.COM
DOMINION AD/JJ OF DALLAS,TX,$0,$399,$0,$0,$399,ACCOUNTING@JJOFDALLAS.COM
"DOMINION FORMS, INC",TX,$189,$0,$0,$0,$0,
DON SANDERS MARKETING,TX,$0,$24,$0,$0,$24,susan@donsandersmarketing.com
DP PROMOTIONAL PRODUCTS,TX,$0,$0,$0,$0,$0,
"DPS PRINT, INC",TX,$744,$0,$0,$0,$0,Larry@dps-print.com
DREAM MASTERS,TX,"$7,828","$5,459",$0,$213,"$5,459",georgee@dreammastersusa.com
DREAM WORK PROMOTIONS,TX,$0,$483,$0,$0,$483,KEITH@DREAMWORKPROMOTIONS.COM
DUFFELBAGS.COM,TX,$0,$75,$0,$0,$75,info@duffelbags.com
DYNAMIC DESIGNS,TX,"$1,706",$0,$0,$0,$0,bills@dynamicdesignsinc.com
"DYNAMO TANK, INC.",TX,"$1,079",$0,$0,$0,$0,BRIAN@DYNAMOTANK.COM
E PLUS PROMOTIONS,TX,$217,$182,$0,$0,$182,barbyw@aol.com
"E.L. PROMOTIONS, LLC",TX,$0,$464,$0,$0,$464,MORGAN@ELPROMO.NET
E2 SPECIALTY,TX,$392,$247,$0,$0,$247,STATEMENTS@OFFICEEFFECTS.COM
ECOIMPRINT LLC,TX,$700,$911,$0,$0,$911,SALES@ECOIMPRINT.COM
ECOMARKETING SOLUTIONS,TX,"$5,211",$841,$0,$0,$841,rbpill2@gmail.com
"EGREENFEES, INC",TX,$0,$269,$0,$0,$269,CUSTOMER.SERVICE@IMPACTLOGOPRODUCTS.COM
ELITE PRINT WORKS,TX,$0,$290,$0,$0,$290,mgm@eliteprintworks.com
ELITE PRINTING,TX,$386,$0,$0,$0,$0,penny@eliteprtg.com
ELITE PRINTING SOURCE,TX,$650,$0,$0,$0,$0,ELITEPRINTINGSOURCE@YAHOO.COM
ELITE PROMOTIONS,TX,$0,$321,$0,$321,$321,daisy@elite4promo.com
EMBELLISH ATHLETICS,TX,$0,$50,$0,$0,$50,ASHLEY@EMBELLISHATHLETICS.COM
EMBROIDERED SOLUTIONS,TX,$0,$248,$0,$0,$248,EMBSOL@SBCGLOBAL.NET
EMBROIDERYCO.COM,TX,$0,$0,$0,$0,$0,AMY@EMBROIDERYCO.COM
EMBROIDME - CARROLLTON,TX,$183,$0,$0,$0,$0,metrocrest@embroidme.com; emecfb@gmail.com
EMBROIDME - KINGSVILLE,TX,$646,$0,$0,$0,$0,kingsville@embroidme.com
EMBROIDME - WEBSTER,TX,$169,$0,$0,$0,$0,info@embroidme-webster.com
EMBROIDME DALLAS METRO,TX,$0,$0,$0,$0,$0,dallasmetro@embroidme.com
EMBROIDME OF BROWNSVILLE,TX,$171,$0,$0,$0,$0,pds@embroidme-sanpedro.com
EMPIRE CREATIVE MARKETING,TX,"$1,020","$1,054",$0,$0,"$1,054",teri@empiread.com
ENDLESS BUSINESS SOLUTIONS,TX,$0,$0,$0,$0,$0,
EPIC PROMOTIONS,TX,$202,"$2,626",$0,$0,"$2,626",elysia@epicpromotions.com
ER. PROMOTIONS INC.,TX,$636,$0,$0,$0,$0,elaine@erpromotions.com
ESD ADVERTISING & COMMUNICATIO,TX,$362,$0,$0,$0,$0,johanna@esdandassociates.com
ESP-BIZ,TX,$226,$0,$226,$0,$0,rdifloria@espbiz.com
"EXALT PRINTING SOLUTIONS, LLC",TX,$0,$362,$0,$0,$362,LISA.RAY@EXALTPRINTING.COM
EXCLUSIVE PARTNERS,TX,$0,$187,$0,$0,$187,amirk@exprinters.com
EXECUTIVE AWARDS,TX,$0,$0,$0,$0,$0,executiveawards@att.net
EXECUTIVE PROMOTIONAL PRODUCTS,TX,$549,$0,$0,$0,$0,suhpaul@hotmail.com
FASTSIGNS,TX,$0,$0,$0,$0,$0,courtney.savage@fastsigns.com
FASTSIGNS OF LONGVIEW,TX,$376,$0,$0,$0,$0,fastsigns.379@fastsigns.com
FBS PRINTING,TX,"$6,021","$7,815",$0,$0,"$7,815",INFO@FBSPRINT.COM
FIDELITY PRESS AND GRAPHICS,TX,$193,$0,$0,$0,$0,jimellison@fidelitypress.net
FINE INCENTIVES,TX,$0,$0,$0,$0,$0,
FINELINE SPORTSWEAR,TX,$163,$0,$0,$0,$0,scott@finelinesportswear.com
"FIRST IMPRESSIONS, INC.",TX,$567,$0,$0,$0,$0,LSAMUELS@1STIMPRESSIONSINC.COM
FIRST KLASS PROMOTIONS,TX,$0,$226,$0,$0,$226,kyle@firstklasspromotions.com
FLAGSHIP PROMOTIONAL SERVICES,TX,$0,$0,$0,$0,$0,promovendors@flagshippromo.com
FLYING ACE DESIGNS,TX,$0,$0,$0,$0,$0,dave@flyingacedesigns.com
FORMATIONS PRINTING SERVICES,TX,"$1,555",$170,$0,$170,$170,caryn@formationsprinting.com
"FOUR SEASONS EMBROIDERY, INC",TX,$0,$0,$0,$0,$0,noram@satx.rr.com
FRANCES AND COMPANY,TX,$167,$598,$0,$0,$598,info@francesandcompany.com
FRONTERA PRINTING & MARKETING,TX,$0,$0,$0,$0,$0,fronteraprinting@hotmail.com
FROSCH REWARDS & INCENTIVES,TX,$673,$641,$0,$0,$641,melissa.adame@frosch.com
"FUNDRAISERS, ETC. INC",TX,$101,$0,$0,$0,$0,anna@fundraisersetc.com
FW PROMO,TX,$569,$193,$0,$0,$193,ACCOUNTING@FWPROMO.COM
G FINE LOGO,TX,$493,$515,$0,$0,$515,mfine@gfinelogo.com
GABINO ADVERTISING SPECIALTY,TX,$0,$0,$0,$0,$0,vickie@gabinoadvertising.com
GAMBLER SPECIALTIES,TX,$0,"$1,242",$0,$0,"$1,242",gamblerspecialties@yahoo.com
GANDY INK,TX,$132,$0,$0,$0,$0,ap@gandyink.com
GARDNER PRINTING & AD SPEC.,TX,$0,$317,$0,$0,$317,garprint@msn.com
GARDNER RESOURCES,TX,$647,"$2,682",$0,"$1,613","$2,682",colleen@gresources.com
"GARMENTS TO GO, INC",TX,$400,$0,$0,$0,$0,INFO@GARMENTSTOGO.COM
GATEWAY PRINTING & OFFICE SUPP,TX,$757,$0,$0,$0,$0,kelly@gatewayp.com
GC EMBROIDERY & PROMOTIONAL,TX,$166,$0,$0,$0,$0,sales@gcembroidery.com
GCI PROMOTIONS INC.,TX,$0,$0,$0,$0,$0,
GEAR UP PROMOTIONS,TX,$0,$300,$0,$0,$300,JB@GEARUPINC.COM
GENERATION FOUR,TX,$0,"$3,058",$0,$0,"$3,058",BRENDAH@GENERATION-FOUR.COM
GENESCO SPORTS ENTERPRISES,TX,"$3,070",$225,$235,$0,$225,dfew@genescosports.com
GENTRY SPECIALTY ADVERTISING**,TX,$533,$0,$0,$0,$0,gsarec@wf.net; gsadg@wf.net
GEORGE ANDRIE & ASSOCIATES,TX,$539,"$3,252",$0,"$1,625","$3,252",AP@GEORGEANDRIE.COM
GERTNER CAVAZOS LLC,TX,$0,$0,$0,$0,$0,
GES SPECIALTY ADVERTISING,TX,$0,$0,$0,$0,$0,tsmith119@verizon.net
GIZMO,TX,$0,$406,$0,$0,$406,1pound@gizmogroup.com
GLADE GRAPHICS,TX,"$1,016",$0,$0,$0,$0,ALICIA@GLADEGRAPHICS.NET
GLOBAL PRINT GROUP,TX,$523,$0,$0,$0,$0,globalprintgroup@sbcglobal.net
GOLD BAR PROMOTIONS,TX,$0,$473,$0,$0,$473,GOLDBARPROMOS@GMAIL.COM
GOLF TOURNAMENT SHOP - AUS,TX,$416,$165,$0,$0,$165,jancy@golfeventshop.com
GONZALEZ OFFICE PRODUCTS,TX,"$1,883","$1,778",$0,$0,"$1,778",ACCOUNTING@GONZALEZOP.COM
GOOD PROJECT,TX,$328,$0,$0,$0,$0,kim@goodproject.com
"GORMAN FOY, INC.",TX,$612,"$3,010",$0,$879,"$3,010",kerri.gorman@gormanfoy.com
GOSTEPHENS,TX,"$2,416",$0,$0,$0,$0,daniel@gostephens.com
GRAFF-X MARKETING SPECIALTIES,TX,$0,$0,$0,$0,$0,SALES@GRAFF-X.COM
GRAHAM DATA SUPPLIES LTD,TX,$203,$0,$0,$0,$0,squiroz@shopgds.com
"GRAPHIC MEDIA GROUP, INC.",TX,$380,"$2,306",$0,$0,"$2,306",support2@gmglink.com
"GRAPHIC PRODUCTS, LP",TX,$0,$0,$0,$0,$0,BRIAN@GPLP.NET
GRAPHICS MASTER SCREEN,TX,$197,$62,$0,$0,$62,msgleander@aol.com
GRAPHICS SYSTEMS,TX,"$1,230","$3,441",$0,$0,"$3,441",pbalacek@graphicssystems.com
GRAPHICS UNLIMITED,TX,$122,$0,$0,$0,$0,graphicsunlimited@pdq.net
GRAPHITIKS ADVERTISING DESIGN,TX,"$1,469",$586,$0,$0,$586,service@graphitiks.com
GRAY WOLF PROMOTIONS INC.,TX,$700,$173,$0,$0,$173,BUSINESS-OFFICE@GRAYWOLFPROMOTIONS.COM
GRAYCO,TX,$0,$0,$0,$0,$0,accounting@acusourcesolutions.net
GREEN EAGLE GRAPHICS,TX,$0,$0,$0,$0,$0,rmers@mac.com
GREENVILLE TROPHIES & AWARDS,TX,$0,$0,$0,$0,$0,GTS@GEUSNET.COM
"GULF BUSINESS FORMS SYSTEMS, I",TX,$261,$0,$0,$0,$0,ROSA@GULFBUSINESSPRINTING.COM
GULF DATA PRODUCTS,TX,$261,$0,$0,$0,$0,gulfdata2@sbcglobal.net
GUNN PROMOTIONALS,TX,"$1,344",$0,$0,$0,$0,tamara@gunnpromos.com
"HALL MARKETING GROUP, INC.",TX,$649,$0,$0,$0,$0,THALL@HALLMARKETING.COM
HANCOCK ADVERTISING GROUP,TX,$342,"$1,732",$0,$343,"$1,732",tkrisa@hancockgroup.net
HARRY A. PARRISH & ASSOC.,TX,$236,$221,$0,$0,$221,hparrish@windstream.net
HARVEY-DACO ----DO NOT USE,TX,$0,$0,$0,$0,$0,cgonzales@havey-daco.com
"HARVEY-DACO, INC.",TX,"$13,832","$9,430",$0,$224,"$9,430",MDUNCAN@HARVEY-DACO.COM
"HBDGR ENTERPRISES, LLC",TX,"$1,984","$2,065",$0,$966,"$2,065",accounting@hbdgr.com; rex.green@hbdgr.com
HEALTH IMPRESSIONS,TX,"$1,180",$225,$81,$0,$225,lisamulholland@wrsgroup.com
HEART OF TEXAS ENTERPRISES,TX,$659,$277,$0,$0,$277,corey@hotpromotionals.com
HEAVEN SENT PROMOTIONS & APPAR,TX,$583,$0,$0,$0,$0,susan@heavensentpromos.com
HELP IS ON THE WAY,TX,$798,$0,$0,$0,$0,hiotw1234@sbcglobal.net
HERFF JONES/OVERALL RECOGNITIO,TX,$341,$0,$0,$0,$0,nickm@texashj.com
HF CUSTOM SOLUTIONS LLC,TX,$170,$181,$0,$0,$181,orders@hfcustomsolutions.com; nita@hfcustomsolutions.com
HILL COUNTRY PROMOTIONAL PRODU,TX,$116,$0,$0,$0,$0,hillprom@satx.rr.com
HILLER PRINTING INC.,TX,$229,$0,$0,$0,$0,
HOLDEN CUSTOM PRODUCTS,TX,"$1,928","$13,766",$0,$0,"$13,766",shay@holdenbrand.com
HOLE IN THE ROOF,TX,$376,$231,$0,$0,$231,PROMO@HOLEINTHEROOF.COM
HOT LINK,TX,$0,$0,$0,$0,$0,cdallura@hotlink.com ( A/P CONTACT )
HOULDEN ENTERPRISES,TX,$823,$0,$0,$0,$0,ioshouston@yahoo.com
HOUSTON EMBROIDERY WORKS,TX,$0,$0,$0,$0,$0,ap@houstonew.com
HOUSTON PROMOTIONS,TX,$567,$0,$0,$0,$0,sherri@houston-promotions.com
HOWELL & WINDHAM ADVERTISING,TX,$0,"$3,475",$0,$0,"$3,475",HWAADZ@AOL.COM
HUBERT RESOURCE MARKETING,TX,$0,$0,$0,$0,$0,leann@hubertpromotions.com;k.hrm@suddenlinkmail.com
I DO PROMOS,TX,$0,$360,$0,$0,$360,roger@idopromos.com
I PROMOTE YOU,TX,$318,$164,$0,$0,$164,dawn@ipromoteyou.biz
ICE BLUE,TX,$130,"$1,011",$0,$0,"$1,011",sales@iceblueadv.com
ICE BRO PROMOS,TX,"$1,037",$0,$0,$0,$0,JAKE@ICEBROPROMOS.COM
ICHISPA LLC,TX,$680,$0,$0,$0,$0,mariel@ichispa.us
ICOPY PRINT & OFFICE SUPPLY,TX,$682,$0,$0,$0,$0,MADYSON@ICOPYTEXAS.COM
"IDEA SOURCE, INC.",TX,$994,$0,$0,$0,$0,MICHELLE@THEIDEASOURCE.COM
IDEAS 'N MOTION,TX,$336,$0,$0,$0,$0,JOAN@IDEASNMOTION.COM
IDENTITY MARKETING SOLUTIONS,TX,$0,$0,$0,$0,$0,
IGNITE IMAGING,TX,$0,$0,$0,$0,$0,kim@igniteimaging.com
IMAGE IMPACT!,TX,$0,$0,$0,$0,$0,robin@image-impact.net
IMAGE IS EVERYTHING INC.,TX,$0,$173,$0,$0,$173,gilda@imageiseverything.com
IMAGE MAKER,TX,$165,$0,$0,$0,$0,IMAGEMAKER@SIGN-WORKS.NET
IMAGE MART,TX,$0,$0,$0,$0,$0,DAVID@IMAGEMARTDALLAS.COM
IMAGE PRO,TX,$194,$338,$0,$0,$338,mail@imageprodallas.com
IMAGE PROFILES INC,TX,$0,$550,$0,$0,$550,EMAIL1@IMAGEPROFILES.COM
IMAGES IN INK,TX,$236,$0,$0,$0,$0,imagesinink@sbcglobal.net
IMAGIMAX,TX,$996,$0,$0,$0,$0,jayshri@imagimaxpromo.com
IMPACT MARKETING,TX,$0,$183,$0,$0,$183,impactcaps@aol.com
"IMPRESS DESIGNS, INC.",TX,$285,$200,$0,$0,$200,SHELLY@IMPRESSDESIGNS.COM
IMPRESS GRAPHICS,TX,$246,$0,$0,$0,$0,SKESSEL@IMPRESS-GRAPHICS.COM
IMPRESSION EDGE,TX,"$1,851",$223,$0,$0,$223,cs@impressionedge.com
IMPRESSIONS MARKETING,TX,"$1,276","$4,361",$0,$809,"$4,361",customerservice@logoadvertising.com
"IMPRESSIVE IDEAS, INC.",TX,"$1,203",$247,$0,$0,$247,DEDE@IMPRESSIVEIDEAS.COM
IMPRINT LOGO APPAREL,TX,"$1,158",$0,$0,$0,$0,GARY.GREEN@MSN.COM
IMPRINT RESOURCES,TX,"$4,802","$1,808",$0,$0,"$1,808",lisa@imprintresources.com
IMPRINT.COM,TX,"$1,316",$0,$0,$0,$0,forhouston@gmail.com
IN PURSUIT PROMOTIONS,TX,$0,$0,$0,$0,$0,accounting@goinpursuit.com
"INCENTIVE AMERICA, INC.",TX,"$1,606",$0,"$1,176",$0,$0,accounting@incentiveamerica.com
INCENTIVE BRANDS,TX,$709,$0,$0,$0,$0,chris@maverickjackets.com; pete@incentivebrands.com
INFINITI MARKETING,TX,$449,$153,$0,$0,$153,DON@INFINITIMARKETING.NET
INK N STITCH,TX,$0,$0,$0,$0,$0,COLBY@INKNSTITCH.COM
INKSPRESS URSELF!,TX,$0,$0,$0,$0,$0,SALES@INKSPRESSURSELF.COM
INMAN PROMOTIONAL TEAM,TX,"$4,923","$1,033",$526,$86,"$1,033",RAY@INMANPROMO.COM
INNER CHANGE CONSULTING GROUP,TX,$0,$0,$0,$0,$0,INFO@INNERCHANGELLC.NET
INNERWORKINGS,TX,"$1,473",$0,$0,$0,$0,Ssaulters@inwk.com
INNOVATIVE DESIGN,TX,$0,$0,$0,$0,$0,sharon@innovative-designs.net
INNOVATIVE MGMT. SOLUTIONS,TX,$0,$0,$0,$0,$0,accounting@ims-247.com
INNOVATIVE PROMOTIONS,TX,$164,$0,$0,$0,$0,edwills@consolidated.net
"INNOVATIVE RESOURCES, LLC",TX,$182,$585,$0,$180,$585,JANET@INNOVRESOURCES.COM
INSIGNIA,TX,$330,$0,$0,$0,$0,sales@yourinsignia.com
INSIGNIA PROMOTIONS,TX,$0,$0,$0,$0,$0,GAYLA-LOCKS@HOTMAIL.COM
INSPIRATION GRAPHICS,TX,$0,$359,$0,$0,$359,
INTEGRATED DOCUMENT SOLUTIONS,TX,$0,$0,$0,$0,$0,PCARSON@INTDOC.COM
INVEN PROMO,TX,$0,$239,$0,$239,$239,tswitser@invenpromo.com
J & B MARKETING SPECIALTIES,TX,$0,$0,$0,$0,$0,
J BANNER AND CO,TX,$0,$609,$0,$0,$609,ROSLYN@JBANNER.NET
J CARTER LOGOWEAR,TX,$449,$0,$0,$0,$0,jcarterclient@gmail.com
"J KINDELL ENTERPRISES, LTD.",TX,$279,$0,$0,$0,$0,eloina@jkindell.com
"J&B CORPORATE PROMOTIONS, INC.",TX,"$2,338","$3,215",$0,$0,"$3,215",
J. HARDING & CO.,TX,"$1,386",$0,$0,$0,$0,wendy@jhardingco.com
J. PAUL COMPANY,TX,$0,$788,$0,$0,$788,rmorris@jpaulco.com
J.F. PARKER & SON,TX,$198,$167,$0,$0,$167,jfpson@sbcglobal.net
J.P.'S FUNDWEAR,TX,$404,$0,$0,$0,$0,accounting@fundwear.com
JACK PROMOTIONAL MARKETING LLC,TX,$941,$0,$0,$0,$0,bernie@jackpromo.com
JACKIE FELLERS,TX,$0,$16,$0,$0,$16,gwillette@satx.rr.com
JAM INCENTIVE MARKETING,TX,$0,$0,$0,$0,$0,krystal@jamincentive.com
JAN HALL PROMOTIONS,TX,$156,$462,$0,$0,$462,janhall@sbcglobal.net
JB GRAPHICS,TX,"$1,149",$0,$0,$0,$0,info@jbgraphicscompany.com
JC GRAPHICS,TX,$828,$0,$0,$0,$0,JC.T@NATCARDS.COM
J-MARK BUSINESS FORMS,TX,"$2,204","$2,813",$0,$0,"$2,813",lcrenshaw@wiltons.com;jmark@jmarkonline.com
JOY PROMOTIONS,TX,$0,$771,$0,$0,$771,cjackson@joypromotionsinc.com
"JOYOUS STITCHES, ETC",TX,$160,$0,$0,$0,$0,justjoyous@comcast.net
JPS PRINTING,TX,$373,$282,$0,$0,$282,PBS11111@YAHOO.COM
"JPT GRAPHICS, INC",TX,"$2,127",$957,$0,$0,$957,pancho@jptgraphics.com; accounting@jptgraphics.com
JUBILANT CARGO COMPANY,TX,"$2,532",$413,$0,$0,$413,sandy@jubilantcargo.com
JUMP DESIGN,TX,"$1,457",$0,$0,$0,$0,kim@jumppromo.net
JUST IMAGINE,TX,$0,$0,$0,$0,$0,DEBY@JUSTIMAGINE.INFO
K & K SPECIALTIES,TX,$373,$0,$0,$0,$0,kathryn629@aol.com
K & L ADVERTISING SPECIALTIES,TX,"$1,538",$0,$0,$0,$0,klpromo@verizon.net
K & S SPORTSWEAR,TX,$0,$0,$0,$0,$0,katy@ks-sportswear.com
"KASS MARKETING GROUP, LLC",TX,$256,"$1,214",$0,$0,"$1,214",kris@kasscorp.com
KB COMPANY,TX,$952,"$2,335",$0,"$2,335","$2,335",SALES@KBCOMPANYPROMO.COM
KCP SUPPLIES INC.,TX,$454,"$1,277",$0,$0,"$1,277",kcpsupplies@yahoo.com
KELLER TROPHY & AWARDS,TX,$604,$0,$0,$0,$0,COREY@KELLERTROPHY.COM
KELLEY PROMOTIONS & PRINTING,TX,$0,$0,$0,$0,$0,joni@kellypromo.com
KINGWOOD PROMOTIONS,TX,$0,$175,$0,$0,$175,ANITA@KINGWOODPROMOTIONS.COM
KNOCK-OUT SPEC,TX,$842,"$1,447",$0,$0,"$1,447",kristen@knockoutspecialties.com; john@knockoutspecialties.com
KONA PRINTING AND PROMOTIONS,TX,$628,$0,$0,$0,$0,lynn@konaprint.com
KOZA'S INC.,TX,$0,$400,$0,$0,$400,artdept@kozas.com
KWIK KOPY,TX,$241,$0,$0,$0,$0,kk555@kwikkopy.com
LA ENTERPRISES,TX,$485,$0,$0,$0,$0,laent@swbell.net
"LABEL SYSTEMS MFG., INC",TX,$0,$0,$0,$0,$0,connie@labelsystemsinc.com;karen@labelsystemsinc.com
LAINE ADVERTISING COMPANY,TX,$0,$193,$0,$193,$193,GARY@LAINEADV.COM
"LAPGEVITY, INC.",TX,"$17,834",$0,$0,$0,$0,karen@lapgevity.com
LEAD CONCEPTS,TX,"$1,002",$0,$0,$0,$0,caleb@leadconcepts.com
LEAISON RESOURCES,TX,$0,$0,$0,$0,$0,LEAISONRESOURCES@GMAIL.COM
LEAP FROG PROMOTIONS,TX,$0,$257,$0,$0,$257,KELLY@LEAPFROGPROMOS.COM
LEGZA AWARDS AND TROPHIES,TX,$268,$0,$0,$0,$0,fdofernandez@iconuniversal.com.mx
LIL XTREME PRODUCTIONS,TX,"$2,326",$239,$0,$0,$239,steve@lilextreme.com
LINCOLN PRESS,TX,$433,$0,$0,$0,$0,LORI@LINCOLNPRESS.BIZ
LINDSEY ADVERTISING COMPANY,TX,$0,"$1,730",$0,$0,"$1,730",GYLA@LINDSEYADV.COM
LJF,TX,$0,$0,$0,$0,$0,mellingson@ljfassoc.com
LOGO CITY TX,TX,$0,$0,$0,$0,$0,ROSEANN@LOGOCITYTX.COM
LOGO RESCUE,TX,$0,$0,$0,$0,$0,mike@logorescue.com
LOGOLINK,TX,$0,$0,$0,$0,$0,jennifer@logolinkusa.com
LOGOMATIC,TX,"$4,948","$1,039",$0,$0,"$1,039",dgelogomatic@earthlink.net
LOGOS@WORK,TX,"$1,164",$335,$0,$0,$335,promos@gvtc.com
LOGOSTUFF,TX,"$2,597","$3,541",$0,$0,"$3,541",CEBARRS@LOGOSTUFFONLINE.COM
LONE STAR PROMOTIONS,TX,$0,$0,$0,$0,$0,shawn@lonestarpromotions.com
LONE STAR SPECIAL TEES,TX,"$2,160",$465,$0,$0,$465,vsmith@lonestartees.com
LONE STAR T-SHIRTS,TX,$233,$0,$0,$0,$0,claude@lonestartshirts.com
LONESTAR IMPRINTS,TX,"$2,980","$1,859",$148,$0,"$1,859",brent@lonestarimprints.com
LONESTAR PROMOTIONALS,TX,$241,$279,$0,$0,$279,LONESTARPROMO@YAHOO.COM
LONG DOG TRADING CO,TX,$0,$0,$0,$0,$0,longdog@mentler.net
LONGVIEW EMBROIDERY,TX,$198,$0,$0,$0,$0,longviewemb@aol.com
LORENTE LLC,TX,$0,$0,$0,$0,$0,accounting@lorente.us
LORI EATON,TX,$104,$0,$0,$0,$0,
LoveThoseShirts.Com,TX,$392,$249,$0,$0,$249,GRAPHICS@LOVETHOSESHIRTS.COM
LYNNE MALKOFF PROMOTION INC.,TX,$640,$607,$0,$188,$607,SALES@LMPSPECIALTIES.COM
M & S CORPORATE OUTFITTERS,TX,"$1,396",$742,$0,$0,$742,APCORPOUTFIT@GMAIL.COM
M&B COLLECTIONS,TX,$585,"$1,855",$0,$617,"$1,855",diseno@mybpromociones.com
M&S CORPORATE OUTFIT-DONT USE-,TX,$706,$400,$306,$0,$400,STACEY.ARCENEAUX@GMAIL.COM
M2W INC.,TX,$529,$0,$261,$0,$0,dena@m2winc.com
M3 PROMOTIONS,TX,$223,$225,$0,$0,$225,MELISSA@M3PROMOS.COM;MATT@M3PROMOS.COM
MADWOMEN - PROMOTIONAL MARKETI,TX,$340,$0,$0,$0,$0,liane@madwomen.biz
MAGIC PROMOTIONS,TX,$0,$314,$0,$0,$314,ARIEA@ITSMAGIC.BIX
MAGNOLIA APPAREL & PROMOTIONS,TX,$317,$312,$317,$312,$312,JENNIFER@PROMOTEMAGNOLIA.COM
MAGOO'S PRINTSHOP,TX,$391,$0,$0,$0,$0,MARGARET@MAGOOSPRINTSHOP.COM
MARJAC CREATIONS,TX,$508,$0,$0,$0,$0,jack.temple@marjaccreations.com
MARK IT,TX,$329,$0,$0,$0,$0,
"MARKETING CANDY, A ROSE GRP CO",TX,"$21,571","$3,954",$0,"$3,673","$3,954",orders@teamrgc.com
MARQUIS COMMUNICATIONS,TX,$0,$0,$0,$0,$0,gnewsome@marquiscom.com
MARTIN BUSINESS PRODUCTS,TX,$589,$815,$0,$0,$815,jbm10854@aol.com
MASTERCRAFT PRINTED PRODUCTS,TX,"$2,305",$0,$0,$0,$0,p.westfall@mbfi.com
MAVICH BRANDING GROUP,TX,"$1,580",$0,$0,$0,$0,ACCOUNTING@MAVICHBRANDING.COM
MAXIM INCENTIVES,TX,$193,$863,$0,$0,$863,gary@maximincentives.com
MAXIMUM EXPOSURE PRINTING & PR,TX,$280,$0,$0,$0,$0,linda@maximumexposure4yourlogo.com
MAXMARK,TX,$0,$0,$0,$0,$0,stevemaxfield47@gmail.com
"MCW AND ASSOCIATES, INC",TX,$0,$0,$0,$0,$0,
MEDICAL PARKWAY PRINTING INC,TX,$0,$291,$0,$0,$291,INFO@MPPRINT.NET
MEIAH PROMOTIONS,TX,$0,$183,$0,$0,$183,meiahpromotions@gmail.com
MERCH MEDIA,TX,$535,$0,$0,$0,$0,billing@merch-media.com
MEYER DUNLAP LLC,TX,"$1,189",$867,$0,$0,$867,NIKKI.MAUCERE@MEYERDUNLAP.COM
MICHAEL LEE ADVERTISING,TX,$0,$0,$0,$0,$0,
MILLENNIUM BUSINESS FORMS,TX,"$1,299",$0,$0,$0,$0,mbfas@att.net
MILLER/GOLD PRINTING COMPANY,TX,$700,"$1,350",$700,$0,"$1,350",millergold@cableone.net
MINUTEMAN PRESS,TX,"$1,900",$0,$0,$0,$0,kathy@minutemanpress.com
MINUTEMAN PRESS,TX,"$1,255",$0,$0,$0,$0,RSANDERS@MINUTEMANPRESS.COM
MINUTEMAN PRESS - BAY AREA,TX,$0,$0,$0,$0,$0,jane@minutemanpress.com
MINUTEMAN PRESS MCKINNEY,TX,$0,"$1,371",$0,$0,"$1,371",CK@MINUTEMANPRESS.COM
MINUTEMAN PRESS OF HUMBLE,TX,$199,$0,$0,$0,$0,humble@minutemanpress.com
MITCHELL MARKETING,TX,$0,$0,$0,$0,$0,JATON_MARKETING@YAHOO.COM
MIXED MEDIA CREATIONS,TX,$163,$0,$0,$0,$0,orders@mailmmc.com
MKT CORPORATE PROMOTIONS,TX,$967,"$1,153",$183,$0,"$1,153",CWOLD@MKTPROMOS.COM
MMP TEXOMA,TX,$193,$0,$0,$0,$0,mpedroza@minutemanpress.com
MONARCH TROPHY STUDIO,TX,"$2,897","$1,537",$323,$0,"$1,537",MONARCH@LOGIXONLINE.COM; sales@mtsawards.com
MONOGRAMS & MORE,TX,$598,$167,$0,$0,$167,OFFICE@MONOGRAMS-MORE.COM
"MORGAN BUSINESS SOLUTIONS, INC",TX,$0,$0,$0,$0,$0,
MPRESSA,TX,"$9,489","$2,783",$0,$0,"$2,783",TSMITH@MPRESSA.COM
MPRINTED.COM,TX,$0,$196,$0,$0,$196,hal@mprinted.com
MR. INCENTIVES,TX,$136,$0,$0,$0,$0,mrincentives@mrincentives.com
"MTC, INC.",TX,$0,$0,$0,$0,$0,MTCIMPEXP@AOL.COM
MULHOLLAND CUSTOM IMPRINTS,TX,$0,$684,$0,$0,$684,MARY@MULHOLLANDS.COM
"MUSE SOLUTIONS, LLC",TX,$232,$0,$232,$0,$0,cs@museonline.com
N A CONSULTING CO.,TX,$247,$0,$0,$0,$0,NOELIA@N-ACONSULTING.CO
NATIONWIDE ADV. SPECIALTY,TX,$550,"$2,619",$0,$824,"$2,619",mw033667@nationwideadvertising.net
NCOA MARKETING COMPANY,TX,$148,$0,$0,$0,$0,jbuccini@ncoausa.org
NECESSITIES & MORE,TX,$0,"$2,466",$0,$0,"$2,466",NDELO497@SBCGLOBAL.NET
NEEDLE LITTLE HELP,TX,$952,$0,$0,$0,$0,info@needlelittlehelp.com
NEIL PROMOTIONAL PRODUCTS,TX,"$1,127","$2,205",$0,$0,"$2,205",billneil@wcc.net
NETWORK-INTERSTATE CO.,TX,"$5,708","$2,072",$243,$0,"$2,072",accounting@networkinterstateco.com
NEWMAN GROUP,TX,$0,$-56,$0,$0,$-56,TERRY@TNGROUP.NET
NEXEMO,TX,$296,$776,$0,$0,$776,jalkirwi@zakproducts.com
NEXT DAY SIGNS,TX,$0,$0,$0,$0,$0,GREG@NEXTDAYSIGNSUSA.COM
NINE18 PRINTING SOLUTIONS,TX,$0,$0,$0,$0,$0,mark@nine18printing.com
"NJ GRAPHIC DESIGN, INC",TX,"$2,848",$211,$0,$0,$211,sue@njgdinc.com
NOLANS PROMOTIONAL PRODUCTS,TX,"$1,661",$798,$0,$0,$798,theresa@nolansonline.com
"NORTH STAR MKTG, GRP.",TX,$0,"$3,069",$0,$152,"$3,069",ldavis60@comcast.net
NOTABLE NOTIONS PROMOTIONS,TX,$189,$0,$189,$0,$0,bkgnnp@yahoo.com
NW DIGITAL WORKS,TX,$639,"$1,031",$0,$172,"$1,031",cheryl-roberts@nwdigitalworks.com
OFFICE DEPOT TRADE PAYABLES,TX,"$6,936",$0,$135,$0,$0,promoprograms@officedepot.com
OFFICEMAX IMPRESS # 1953,TX,$0,"$1,179",$0,$0,"$1,179",IMPRESS1953@OFFICEMAX.COM
OLYMPIA BUSINESS PRODUCTS,TX,$0,$199,$0,$0,$199,SALES@OLYMPIABP.COM
ON DEMAND PRESS,TX,$564,$0,$0,$0,$0,dan.hawk@ondemandpress.com
ONE SOURCE,TX,$407,$0,$0,$0,$0,BILLING@OSIML.COM
ONE SOURCE GRAPHICS,TX,$598,$662,$0,$0,$662,bweather4d@aol.com
ONE SOURCE PROMOTIONS,TX,$0,"$2,802",$0,$0,"$2,802",CINDY@ONESOURCEPROMOS.COM
ONE STOP PRINTING,TX,$226,$0,$0,$0,$0,rob@onestopprinting.com
ONLINE PROMOTIONS,TX,$159,$0,$0,$0,$0,DOTTIEKAMINSKI@AOL.COM
"OPTIONS LTD, INC",TX,$682,$257,$0,$0,$257,randy@optionslimited.com
OPUS PROMOTIONAL PRODUCTS LLC,TX,$807,$742,$0,$0,$742,ashley@designworksgroup.com
OUTBURST ADVERTISING,TX,$833,$0,$0,$0,$0,amy@outburstadvertising.com
OUTSIDE THE BOX,TX,"$1,167",$0,$0,$0,$0,SALES@OTB4U.COM
P & B PRINT,TX,$0,$193,$0,$0,$193,
PAC- PERFORMANCE AWARD CENTER,TX,"$33,645","$22,319","$3,273",$266,"$22,319",SMALONE@PAC-INC.COM
PAGE INTERNATIONAL COMMUNICATI,TX,"$14,545","$20,298","$1,670",$0,"$20,298",PROMODEPT@page-intl.com
PAGES PRINTING,TX,$176,$467,$0,$0,$467,pages-printing@sbcglobal.net
PAP/ KELLY A. CAUSEY,TX,$0,$152,$0,$0,$152,info@press4promotions.com
PAPER CONCEPTS,TX,$0,$292,$0,$0,$292,mcobos@paperconcepts.com
PAPER GRAPHICS PRINTING,TX,$277,$0,$0,$0,$0,KGIBSON@PAPERGRAPHICSLTD.COM
PAPERCLIP PROMOTIONS,TX,"$1,953",$370,$0,$0,$370,shannon@paperclippromotions.com
PARACORD PLAZA,TX,$102,$353,$0,$0,$353,MICHELLE@PARACORDPLAZA.COM
"PARAMAX, INC",TX,$0,"$1,169",$0,$0,"$1,169",BRUCE@PARAMAXPROMO.COM
PARK PLACE SPORTS & AWARDS,TX,"$1,065","$1,495",$0,$0,"$1,495",accounting@parkplacesports.com
"PARKER BUSINESS FORMS, INC",TX,"$5,656","$1,273",$0,$0,"$1,273",martha@parkerbf.com
"PASADENA PRINTING, INC.",TX,"$1,271",$0,$0,$0,$0,jane@pasadena-printing.com
PATRIOT ADVERTISING INC,TX,$153,$0,$0,$0,$0,phil@patriotadvertising.com
"PDS CORPORATE SALES, LLC.",TX,$0,$624,$0,$0,$624,accounting@pdscorporatesales.com
PEAK PROMOTIONS,TX,"$1,413","$1,651",$0,$0,"$1,651",accounting@peakpromo.com
PEAK PROMOTIONS LIMITED,TX,$444,$0,$0,$0,$0,deanna@peakpromo.com
"PENGUIN SUITS,INC",TX,$161,$0,$161,$0,$0,keisha@penguinsuits.com
PEPPER-L SPECIALTIES,TX,"$25,658",$972,$0,$0,$972,pepper.hudson@gmail.com
"PEPWEAR, LLC",TX,$960,"$1,181",$0,$0,"$1,181",loree@pepwear.com
PERKINS PROMOTIONS,TX,"$2,883",$0,$0,$0,$0,laree@perkinspromotions.com
PERRY OFFICE PLUS,TX,$335,$0,$0,$0,$0,debbie.yearwood@perryop.com
PERSONALIZED PROMOTIONS,TX,$0,$0,$0,$0,$0,sherry@personalizedpromos.com
PHILLIPS/FLINN,TX,$0,$0,$0,$0,$0,PAIGEFLINN@ME.COM
PIERCY ASSOCIATES,TX,$0,$395,$0,$0,$395,PIERCYASSOCIATES@AOL.COM
"PINNACLE GRAPHICS, INC.",TX,$0,$0,$0,$0,$0,veronicag@pinnaclegraphics.com
PINNACLE PROMOTIONS,TX,$670,$580,$0,$0,$580,PINNACLEPROMO@AOL.COM
PLANET SIGNS,TX,$0,$260,$0,$0,$260,
PMD MARKETING INC.,TX,$653,$803,$0,$0,$803,ACCOUNTING@PMDMKTG.COM
POINT DIGITIZING,TX,"$1,125",$0,$0,$0,$0,keith@pointdz.com
POMARANTZ & ASSOCIATES,TX,$572,$0,$0,$0,$0,talkpromo@aol.com
POPULAR EMBROIDERY DESIGNS,TX,$0,$0,$0,$0,$0,VICTOR-PED@SBCGLOBAL.NET
POTENZA PROMOTIONS LLC,TX,$517,$327,$0,$0,$327,lhulke@potenzapromotions.com
POW INC DBA GOLD TOUR SHOP-DAL,TX,$335,"$1,189",$0,$0,"$1,189",INFO@POWINCPROMOS.COM; scott@powincpromos.com
PREFERRED BUSINESS SOLUTIONS,TX,$254,$257,$0,$0,$257,MELODYM@POPEXPRESS.COM
"PREMIER SAFEGUARD, INC",TX,$349,$0,$0,$0,$0,michelle@txpsg.com
PRESS LINK,TX,"$1,513","$1,734","$1,513",$0,"$1,734",denisep@presslinkusa.com
PRIMARK INC.,TX,$0,$0,$0,$0,$0,MICHELE@PRIMARKUSA.COM
"PRINT ABILITIES, LLC",TX,$0,$360,$0,$0,$360,SALES@PRINTABILITIES.COM
PRINT CITY.COM,TX,$0,"$1,512",$0,$0,"$1,512",accounting@printcity.com
PRINT RITE INC,TX,"$1,507",$223,$0,$0,$223,EWRIGHT@PRINTRITEINC.COM
PRINT SYNERGIES,TX,"$2,669","$3,619",$0,$0,"$3,619",diane.pinckard@printsynergies.com
PRINT TEAM PRODUCTION PARTNERS,TX,"$1,177",$0,$0,$0,$0,martih@theprintteam.com
"PRINTED SUPPLIES,INC.",TX,"$3,025",$0,"$1,001",$0,$0,debbie_wenzel@printedsupplies.com
PRINTED THREADS,TX,$540,$0,$0,$0,$0,JARED@PRINTEDTHREADS.COM
PRINTGLOBE,TX,"$19,368","$9,455","$1,585",$281,"$9,455",accounting@printglobe.com
PRINTGRITY,TX,$0,$0,$0,$0,$0,deborah@printegrity.us
PRINTING & MARKETING SOLUTIONS,TX,$0,"$7,376",$0,$0,"$7,376",DOUG@866DOUGMILLER.COM;doug@printpromosales.com
PRINTING X-PRESS,TX,$0,$357,$0,$0,$357,JO@PRINTING-X-PRESS.COM
PRO DISTRIBUTING,TX,$0,$0,$0,$0,$0,PRODISTRIBUTING@AOL.COM
PRO MO STUFF,TX,$172,$0,$0,$0,$0,LAURA@PROMOSTUF.COM
PRODUCTOS LUCKY,TX,$144,$0,$0,$0,$0,liz@grupoabsa.com
PROFESSIONAL CONCEPTS ADVERT,TX,$924,$0,$0,$0,$0,rubybruns@yahoo.com
"PROFESSIONAL CONCEPTS, INC.",TX,"$1,066","$1,068",$0,$0,"$1,068",kathy@denimsntees.com
PROFESSIONAL SPEC & INCENTIVES,TX,"$4,224","$3,553",$265,$0,"$3,553",profspec@aol.com
PROFORM PRINTING AND PROMOS,TX,$0,"$2,020",$0,$0,"$2,020",andrew@katypromos.com
PROFORMA,TX,$0,$347,$0,$0,$347,mike.shelton@proforma.com
PROFORMA ANGELINI & ASSOCIATES,TX,$829,"$1,620",$0,$0,"$1,620",info.angelini@proforma.com
PROFORMA A-Z SPECIALTIES,TX,$512,$0,$0,$0,$0,SHERI.MCBRIDGE@PROFORMA.COM
PROFORMA BRAND PERFROMANCE,TX,$0,$346,$0,$0,$346,Ashley.sartor@proforma.com
PROFORMA CUSTOM PRODUCTS,TX,$250,$0,$0,$0,$0,EDWARD.GARDERE@PROFORMA.COM
PROFORMA DESERT PROMOTIONS,TX,$0,$806,$0,$0,$806,debbie.dixon@proforma.com
PROFORMA DESIGN MANAGEMENT,TX,$591,$345,$0,$0,$345,kristi.allen@proforma.com
PROFORMA DIAMOND B PROMOTIONS,TX,"$1,572","$5,061",$0,$0,"$5,061",DIAMOND.SOLUTIONS@PROFORMA.COM;
PROFORMA DIVERSIFIED CORPORATE,TX,$193,$0,$0,$0,$0,eve.parr@proformadcs.com
PROFORMA DIVINE CORPORATE SUPP,TX,$0,$0,$0,$0,$0,jennifer.baker@proforma.com
PROFORMA ELITE TEXAS GRAPHICS,TX,"$1,175",$0,$0,$0,$0,jodie.carlson@proforma.com
PROFORMA EXTRAORDINARY PROMO,TX,$749,$0,$0,$0,$0,pcovell@extraordinarypromos.com
PROFORMA FOCUSED SOLUTIONS,TX,$0,"$3,781",$0,$0,"$3,781",phil.rigney@proforma.com
PROFORMA GREEN MARKETING,TX,$195,$0,$0,$0,$0,john.simonetta@proforma.com
PROFORMA M.A.C MKTG,TX,$0,$155,$0,$0,$155,MARYANNE.CASEY@PROFORMA.COM
"PROFORMA MAIN GROUP, INC",TX,$0,$0,$0,$0,$0,MICHALE.KENNEDY@PROFORMA.COM
PROFORMA MEDIA & PRINT SOLUTIO,TX,"$14,905",$0,$0,$0,$0,EDWARD.MARTIN@PROFORMA.COM
PROFORMA MYCO PRINT SOLUTIONS,TX,$0,$0,$0,$0,$0,MARK.MYERS@PROFORMA.COM
PROFORMA PATTON PROMOTIONAL,TX,$0,$0,$0,$0,$0,INFO@BRANDING-RESOURCES.COM
PROFORMA PROMOTIONAL PRODUCTS,TX,$0,$393,$0,$0,$393,maryalice.griffin@proforma.com
PROFORMA PROMOTIONS GROUP,TX,$0,$707,$0,$0,$707,kellie.miller@proforma.com
PROFORMA PROMOTIONS REMEMBERED,TX,"$2,121",$0,$208,$0,$0,"BARBARA,BUTLER@PROFORMA.COM"
PROFORMA QUICKSILVER PROMOTION,TX,$0,$0,$0,$0,$0,quicksilver.support@proforma.com
PROFORMA ROSS MARKETING GROUP,TX,$649,$272,$0,$0,$272,info@rmglogo.com
PROFORMA SIMONETTA FREELANCE,TX,$0,$0,$0,$0,$0,JOHN.SIMONETTA@PROFORMA.COM
PROFORMA SNAP MARKETING,TX,$588,$0,$0,$0,$0,ann.macaluso@proforma.com
PROFORMA/ BOSS PROMO,TX,"$1,004",$0,$0,$0,$0,virginiakay.bradbury@proforma.com
PROGRAPHICS INC,TX,$226,$0,$0,$0,$0,imprints@swbell.net
PROJECT PROMOTIONS,TX,"$1,074",$0,$0,$0,$0,steely@projectpromotion.com
PROLINE SUPPLY COMPANY,TX,$559,"$1,788",$0,$0,"$1,788",dhajduk@prolinesupply.cc
PROMIUMS,TX,$0,$0,$0,$0,$0,mike@promiums.com
PROMO GIFTS LLC,TX,$0,$540,$0,$0,$540,accounting@promogiftsonline.net
PROMO PLANET,TX,"$9,140","$2,529",$0,$838,"$2,529",customerservice@mypromoplanet.com; accounting@mypromoplanet.com
PROMO PROS,TX,$0,$233,$0,$0,$233,ap@promopros.com
PROMO RESOURCES,TX,$0,$0,$0,$0,$0,
PROMOCONNECTION PROMOTIONAL,TX,"$1,054",$0,$0,$0,$0,SALES@PROMOCONNECTION.NET
PROMOPLUS LLC,TX,$628,$0,$0,$0,$0,sanantonio@promoplus.co
"PROMOPUNCH, LLC",TX,$0,"$2,177",$0,$257,"$2,177",SALES@PROMOPUNCH.COM
PROMOSPLUS,TX,$0,$241,$0,$0,$241,
PROMOTE IN TANDEM,TX,$0,$603,$0,$0,$603,AM@promoteintandem.com
PROMOTIONAL EDGE,TX,$0,$353,$0,$0,$353,info@promotionaledge.net
PROMOTIONAL GRAFFITI,TX,$707,$421,$0,$0,$421,stacy@promotionalgraffiti.com
PROMOTIONAL MARKETING WITH TLC,TX,$0,$0,$0,$0,$0,tcrawford@promomktgtlc.com
PROMOTIONAL MARKETPLACE,TX,$0,$310,$0,$0,$310,vgronberg55@aol.com
PROMOTIONAL MERCHANDISE.COM,TX,"$1,364",$552,$90,$0,$552,accounting@promotionalmerchandise.com
PROMOTIONAL PRODUCTS ASSOC.,TX,$0,$0,$0,$0,$0,
"PROMOTIONAL RESCUE, INC.",TX,$0,$0,$0,$0,$0,JIM@PROMOTIONALRESCUE.COM
PROMOTIONAL SPECIALTIES,TX,"$1,162",$629,$0,$0,$629,mike.love@um.att.com
"PROMOTIONS AT WORK, INC.",TX,$0,$285,$0,$285,$285,PROMOSWORK@AUSTIN.RR.COM
PROMOTIONS IN PRINT,TX,"$1,224","$1,408",$0,$0,"$1,408",pabentham@aol.com
PROMOTIONS WITH A PURPOSE,TX,$324,$369,$0,$369,$369,GREG@PROMOPURPOSE.COM
PRO-MOTIONS/GRAFF-X,TX,"$1,585",$812,$0,$238,$812,office@promosgx.com; steve@promosgx.com
PROMOTIT PROMOTIONS LLC,TX,$732,$0,$0,$0,$0,ROSEMARY@PROMOTITPROMOTIONS.COM
PROMOWORLD INC,TX,$154,$494,$0,$0,$494,jamieswhite@gmail.com; jamie.f.white@gmail.com
PROPLAN.IT,TX,$0,$513,$0,$513,$513,sheawarren@proplanit.com
PROSOURCE PROMOTIONS,TX,$350,$0,$0,$0,$0,don@prosourcepromo.com
PROSOURCE SPECIALTIES,TX,"$4,368","$5,640",$0,$0,"$5,640",lrandoll@prosourcespecialties.com
PROSPER MARKETING GROUP,TX,"$2,327","$1,115",$0,$0,"$1,115",mneeley@prospermarketinggroup.com
PS PROMOTIONS,TX,"$5,423","$2,856",$0,$0,"$2,856",CS@TEXASPROMO.COM
"PUCKETTPRO, INC.",TX,$613,$0,$0,$0,$0,DAN@PUCKETTPRO.COM
PYRON'S PRINTING,TX,$0,$652,$0,$0,$652,printing@pyrons.com
QSP PROMOTIONAL ADVERTISING,TX,$802,$0,$0,$0,$0,tedw@promogear.net
QTI APPAREL & PROMOTIONS,TX,"$1,645",$311,$0,$311,$311,lhunt@qtipromo.com; rcox@qtipromo.com
QUACKERBOX CREATIONS,TX,"$1,277","$1,292",$0,$0,"$1,292",COACHLD1@YAHOO.COM
QUALITY CUSTOM PRODUCTS,TX,$0,$356,$0,$0,$356,annmccullough@mac.com
"QUALITY GRAPHICS, INC",TX,$703,$0,$0,$0,$0,becky@qualigraphics.com
QUEST PROMOTIONS,TX,$0,$0,$0,$0,$0,
"R & C PRINTING CO, INC",TX,$822,$0,$0,$0,$0,jack@rc-printing.com
R.G. ENTERPRISE,TX,"$1,176","$4,609",$0,$137,"$4,609",RUBEN.RGENTERPRISES@GMAIL.COM
RAINBOW ADV. & EMBROIDERY,TX,$0,$210,$0,$0,$210,NITA@RAINBOWADVERTISING.COM
RANCH ROAD DESIGN & PRINTING,TX,$851,$0,$0,$0,$0,KELSEY@RANCHROAD.COM
RAO COMPANY,TX,$671,$151,$0,$0,$151,PAUL@RAOCOMPANY.COM
RAYNOR & ASSOCIATES,TX,$0,$221,$0,$0,$221,G.RAYNOR@RAYNORASSOC.COM
READY PRINT,TX,$0,$0,$0,$0,$0,MAIL@READYPRINT.COM
"RECOGNITION CONCEPTS, INC.",TX,"$1,484",$0,$0,$0,$0,ap@saferemployees.com
RED DOG STUDIOS,TX,"$1,086",$0,$0,$0,$0,accounting@reddogstudios.com
RED LEAF PROMOTIONS,TX,$0,$485,$0,$0,$485,INFO@ REDLEAFPROMOS.COM
"RED PEPPER PRODUCTIONS, INC.",TX,$0,"$1,164",$0,$0,"$1,164",mail@redpepper.biz
REDMAN I AM PROMOTIONS,TX,$754,$0,$754,$0,$0,redmaniam@yahoo.com
REGENCY OFFICE & PROMOTIONAL,TX,$718,$569,$0,$0,$569,promo@regencynow.com
RELIANT BUSINESS PRODUCTS,TX,$752,$363,$401,$363,$363,amyw@rbp.com
REMEDY GRAPHICS,TX,$0,"$3,170",$0,$0,"$3,170",
REPUBLIC PRINT AND MAIL,TX,$0,$0,$0,$0,$0,barry@republicprint.com
RESOURCE PRINT MANAGEMENT,TX,$0,$0,$0,$0,$0,
RESULTS ONLINE INC.,TX,"$4,689","$1,256",$0,$851,"$1,256",mark@resultsonlineinc.com
RICK OLSON ADVERTISING,TX,"$1,162",$0,$0,$0,$0,rick@rickolsonadv.com
RICOCHET PROMOTIONS,TX,$129,$0,$0,$0,$0,dennis@ricochetpromotions.com
RI-JOOV SPECIALTIES,TX,$0,$0,$0,$0,$0,chris@ri-joovspecialties.com
RILEY CREATIVE GRP OF HOUSTON,TX,$0,$559,$0,$0,$559,AMBER@RILEYCREATIVEGROUP.COM
RISINGHILL MARKETING,TX,"$3,582","$2,780",$0,$0,"$2,780",sales@risinghillmarketing.com
RIVER CITY SPORTSWEAR,TX,$771,$0,$0,$0,$0,queen@rivercitysportswear.com
RMG APPAREL CORP.,TX,$0,$0,$0,$0,$0,ROSS@RMGCORP.NET
RMS,TX,$0,$170,$0,$0,$170,kristin.burgess@goRMS.com
ROBIN'S PROMOS,TX,$641,$0,$0,$0,$0,robinspromos@gmail.com
ROBINSON PRINTING GROUP LLC,TX,$275,$0,$275,$0,$0,dennis@robinsonprintinggroup.com
ROCCA PRODUCTIONS,TX,"$2,425","$5,210",$0,$0,"$5,210",VENDORRELATIONS@ROCCAPRODUCTIONS.COM; maria@roccaproductions.com
"RON MONTGOMERY & ASSOCIATES, I",TX,$426,$0,$0,$0,$0,lonnie@rmadirect.com
ROY LOWN INC.,TX,$638,$954,$221,$0,$954,ACCOUNTING@ROYLOWN.COM
RPV PRINTING INC,TX,$0,$477,$0,$477,$477,rpv@earthlink.net
RRC/ THE ROB RICHEY CO.,TX,$314,$249,$0,$0,$249,rob@rrcpromo.com
RT & ASSOC.,TX,$545,$0,$0,$0,$0,credit@rtandassociates.com
S & S PRINTING SERVICES,TX,$303,$483,$0,$0,$483,ssmith7038@att.net
S.H. GLOBAL PROMOTIONAL ADV,TX,$159,$0,$0,$0,$0,klreese@sbcglobal.net
SAFEGUARD,TX,$115,$0,$0,$0,$0,rich.nance@verizon.net
SAFEGUARD,TX,$0,$194,$0,$0,$194,michelle@txpsg.com
SAFEGUARD BUSINESS SYSTEM,TX,$386,$0,$0,$0,$0,skirkland@gosafeguard.com
SAFEGUARD UNIVERSAL,TX,"$2,325","$2,510",$0,$0,"$2,510",NSILVA@SAFEGUARDUNIVERSAL.COM
"SAN SABA CAP, INC",TX,$734,$0,$0,$0,$0,john@sansabacap.com
SANTANA'S PROMOTIONS & SPEC,TX,$375,$0,$0,$0,$0,SANTANAPROMOTIONS@SBCGLOBAL.NET
SAUDER & DAUGHTER,TX,$0,$0,$0,$0,$0,DAVE@LOGOSONDISPLAY.COM
SCARBOROUGH SPECIALTIES,TX,"$1,539","$2,205",$0,$0,"$2,205",ACCOUNTING@SCARSPEC.COM
SCHAEFER & ASSOCIATES,TX,$0,$164,$0,$0,$164,claycsa@swbell.net
SCM PROMOS,TX,"$2,259","$1,409",$0,$0,"$1,409",office@scmpromos.com
SDB CREATIVE GROUP,TX,$0,$0,$0,$0,$0,DEONNE@SDBCREATIVEGROUP.COM
SELECTIONS PROMOTIONAL PRODUCT,TX,"$1,890","$2,057",$379,$0,"$2,057",gayle@selectpromo.net
SELLINGER'S POWER GOLF,TX,$112,$0,$0,$0,$0,dave@longdrivers.com
SHAMROCK BUSINESS SOLUTIONS,TX,"$1,037",$0,$0,$0,$0,brett.stephen@shamrockbusinesssolutions.com
SHAMROCK PROMOTIONS,TX,$308,$0,$0,$0,$0,evelynn@shamrockpromotions.com
SHARP IMPRESSIONS       TX,TX,$644,$377,$0,$-28,$377,CHET@SHARPIMP.COM
SHELBY'S SPECIALTIES,TX,"$1,908",$0,$0,$0,$0,info@shelbysspecialties.com
"SHELTON SPECIALTIES, INC.",TX,"$1,159",$544,$0,$0,$544,KTSHELTON@CABLEONE.NET
SHINE ON PROMOTIONS,TX,$0,$0,$0,$0,$0,SALES@SHINEONPROMOS.COM
SHIRTS CAPS AND MORE,TX,$0,$531,$0,$251,$531,JOEY@SHIRTSCAPSANDMORE.COM
SHIRTSMART LOGO APPAREL & PROM,TX,"$2,134",$0,$0,$0,$0,shirtsmart@gmail.com
SIGNDESIGN,TX,$260,$0,$0,$0,$0,amanda@signdesigngraphics.com
SILVERLEAF SERVICES,TX,$95,$0,$0,$0,$0,AHECKO@SBCGLOBAL.NET
SIMPLY WE,TX,"$4,353",$0,$0,$0,$0,simplyweinfo@aol.com
SIR SPEEDY PRINTING & MARKTG,TX,$0,$0,$-259,$0,$0,deanna@sirspeedy4092.com
SKIDDEM SCREENPRINTING,TX,$152,$0,$0,$0,$0,skiddem@ymail.com
SKSW,TX,$0,"$2,452",$0,$0,"$2,452",CCODY@SKSW.COM
"SLPC, INC. DBA SUNLINE PRODUCT",TX,$0,$339,$0,$0,$339,patrick@sunlineproducts.com
SMART PROMOTIONAL,TX,$260,$0,$0,$0,$0,SMARTPROMO@SBCGLOBAL.NET
SOLUTIONS ETC,TX,$236,$0,$0,$0,$0,mkosel@hot.rr.com
SOLUTIONS PRINTED,TX,"$2,800",$0,$0,$0,$0,lorie@solutionsprinted.com
SOUTH COAST PRINTING & PROMO.,TX,"$3,787","$4,504",$0,$0,"$4,504",TOMI@SOUTHCOASTPRINTING.COM
SOUTHWEST DATA CORPORATION **,TX,$165,$0,$0,$0,$0,CSHAW@SOUTHWESTDATACORP.COM
SOUTHWEST PRECISION PRINTERS,TX,$724,$0,$0,$0,$0,cmartin@swpp.com;
SOUTHWEST SALES PROMOTIONS CO,TX,"$2,757","$3,136",$0,$425,"$3,136",ed@PROMOAGENCY.NET
SOUTHWEST SPECIALTIES,TX,$466,"$1,621",$0,$0,"$1,621",swspecial@sbcglobal.net
SPEAR ONE PRODUCTIONS,TX,$701,$0,$701,$0,$0,CLACOSSE@SPEARONE.COM;smorley@spearone.com
SPECIAL AFFEX,TX,$780,"$1,429",$0,$0,"$1,429",kspencer@specialaffex.com
SPECIAL TEES,TX,$252,"$1,874",$0,$0,"$1,874",regan.walker@sbcglobal.net
SPECIALTY ADVERTISERS,TX,$829,$0,$0,$0,$0,accounting@specialtyadvertisers.com
SPECTRUM CORP,TX,$956,$262,$0,$0,$262,amye@specorp.com
SPECTRUM PRINTING & PROMOTIONS,TX,"$9,102","$9,185",$0,$198,"$9,185",paula@spectrumprinting.biz; holli@spectrumprinting.biz; jenny@spectrumgroupusa.com
SPINNER PRINTING,TX,$992,$0,$0,$0,$0,SURIAS@SPINNERPRINTING.COM
SPIRIT SUPPLY STORE,TX,$0,$0,$0,$0,$0,INFO@SPIRITSUPPLY.COM
SPORTS PRODUCTIONS,TX,$0,$397,$0,$0,$397,hymes.perkins@sbcglobal.net
SPOTFROG,TX,"$4,174","$1,857",$273,$0,"$1,857",SALES@SPOTFROG.COM
"STANLEY M. DAVID & ASSOC.,INC.",TX,"$3,669","$1,947",$0,$0,"$1,947",nancy@smdavid.com
STAR BUSINESS PRODUCTS,TX,$0,$333,$0,$0,$333,susanltipton@comcast.net
STAR PROMOTIONAL PRODUCTS,TX,$454,$0,$0,$0,$0,MONA-FINCH@STARPROMOTIONAL.COM
STEVENS SPECIALTIES,TX,$461,$0,$0,$0,$0,PBS6176@AOL.COM
STEWARD PROMO & PACKAGING,TX,$199,$0,$0,$0,$0,michelle@stewardprinting.com
STEWART PROMOTIONAL PRODUCTS,TX,$0,$0,$0,$0,$0,SPP1@SBCGLOBAL.NET
STINGRAY WORLDWIDE,TX,"$1,021",$0,$635,$0,$0,JULIE@SARWMAIL.COM; TARA@SARWMAIL.COM
STITCH GALLERY,TX,$0,$-452,$0,$0,$-452,stitchgallery@sbcglobal.net
STONE ENTERPRISES,TX,$182,$0,$0,$0,$0,DONSTONE13@HOTMAIL.COM
STOUTIMAGES,TX,$0,$394,$0,$0,$394,customercare@stoutimagesinc.com
"STS SALES, CO.",TX,$0,$0,$0,$0,$0,
"SUNBELT BUSINESS GRAHICS, INC",TX,$0,$0,$0,$0,$0,bwarlick@xpedientmail.com
SUPERIOR IMAGE SPORTSWEAR,TX,$0,$0,$0,$0,$0,shirtman@charter.net
SUREFIRE PROMOTIONS,TX,$0,$0,$0,$0,$0,staceylsherman@msn.com
SWAG NECESSITIES,TX,$0,$0,$0,$0,$0,JACKIE@SWAGNECESSITIES.COM
SWAGHOUND.COM,TX,$0,$550,$0,$0,$550,sales@swaghound.com
T SHIRT WORKS,TX,$302,$0,$0,$0,$0,art@tshirtworks.net
T WEAVER ENTERPRISES,TX,$576,$456,$0,$0,$456,BEVERLYBAWCOM@WPROMOTIONS.NET
T. KAYOE SCREENPRITING & EMBRO,TX,$0,$0,$0,$0,$0,INFO@TKAYOE.COM
TAABS PRINTING,TX,$0,$0,$0,$0,$0,SALES@TAABSINK.COM
"TAG MARKETING, LTD.",TX,"$4,474",$0,$0,$0,$0,vince@tagmarketing.net
TAM PROMOTIONS,TX,$252,$0,$0,$0,$0,MCandTJWinders@aol.com
TAT COMPANY,TX,"$1,869",$0,$0,$0,$0,alders@hotmail.com; tim.alders@tatcompany.com
TBA PROMOTIONS,TX,$463,$0,$0,$0,$0,tony@imagesadded.com
TCB SPECIALTIES,TX,"$1,322",$0,$335,$0,$0,CKANE@TCBSPECIALTIES.COM
"TCW DESIGN, INC.",TX,$0,$0,$0,$0,$0,texchile@aol.com
TEAM T,TX,$99,$0,$0,$0,$0,jessica@tapercom.com
TECHNOLOGY MEDIA GROUP,TX,$229,"$1,770",$0,$0,"$1,770",accounting@tmguniverse.com
"TEJAS OFFICE PRODUCTS, INC",TX,$0,$0,$0,$0,$0,lisab@tejasoffice.com
"TEKNA THERMOGRAFIX, LLC",TX,$175,$0,$0,$0,$0,omar.cantu@tekna-impact.com
TEX STYLES,TX,$253,$0,$0,$0,$0,angelique@texstyles.com
TEXAS ASSO. OF FREESTAND,TX,$465,$0,$0,$0,$0,lisa@tafec.org
TEXAS BRANDERS PRINTING & PROM,TX,$0,"$1,257",$0,$0,"$1,257",dcarr@txbranderspromo.com
TEXAS LAKE COUNTRY PROMOTIONS,TX,"$1,030",$568,$0,$0,$568,TLC-PROMO@SBCGLOBAL.NET
TEXAS SPORTSWEAR SPEC.,TX,"$5,959",$0,$0,$0,$0,GARY@TEXASSPORTSWEAR.NET
TEXPRINT,TX,$0,"$1,913",$0,$0,"$1,913",billing@texprint.com
THARP'S PRINTING SERVICES,TX,$0,$300,$0,$0,$300,THARPS@SUDDENLINKMAIL.COM
THE AD PLACE,TX,$0,$184,$0,$0,$184,susie@theadplace.com
THE BRAND COMPANY,TX,$203,$0,$0,$0,$0,becky@tbcpromotions.com
THE CAPRON CORPORATION,TX,$986,$0,$0,$0,$0,CELIA@CAPRONCORPORATION.COM
THE CLOWERS CO.,TX,"$1,318",$699,$0,$0,$699,tracy@clowerscompany.com
THE DANIEL GROUP,TX,$249,$0,$0,$0,$0,lori@loridaniel.com
THE DAVIS INCENTIVE GROUP,TX,$0,$0,$0,$0,$0,
THE DESIGN GROUP,TX,$596,$371,$0,$371,$371,SHAWN@TDGCREATIVE.COM
THE FINER THINGS,TX,"$3,814",$0,$177,$0,$0,orders@finerthingsonline.com
THE FOWLER GROUP INC,TX,$0,"$1,159",$0,$0,"$1,159",
THE IDEA SOURCE,TX,"$1,343","$2,628",$0,$735,"$2,628",MICHELLE@THEIDEASOURCE.COM
THE LARYAT COMPANY,TX,$500,$0,$0,$0,$0,laryat1@gmail.com
THE MCCRELESS COMPANY,TX,$812,$0,$0,$0,$0,J-PATTEON@SBCGLOBAL.NET
"THE MCKENNA GROUP, LLC.",TX,$0,$0,$0,$0,$0,JANICE@MCKENNAPLACE.COM
THE MERLYN COMPANY,TX,"$1,436",$0,$713,$0,$0,lindsay@themerlyncompany.com
THE ODEE COMPANY,TX,"$5,015","$2,563",$0,$0,"$2,563",accountspayable@odeecompany.com
"THE ORIGINAL IMAGE, INC.",TX,$0,$0,$0,$0,$0,IMAGE@SATX.RR.COM
THE OUTHOUSE DESIGN SCREENPRIN,TX,$281,$0,$0,$0,$0,jwicke@outhousemail.com
THE OVERALL OFFICE,TX,$0,$0,$0,$0,$0,
THE PAYTON GROUP SPECIALTY ADV,TX,$818,"$2,095",$0,$0,"$2,095",blair@thepaytongroup.com
THE PERFECT SOLUTION,TX,$0,$0,$0,$0,$0,
THE PERSONAL TOUCH,TX,$0,$417,$0,$0,$417,LYMI_SME@YAHOO.COM
THE PRESTIGIOUS MARK,TX,"$6,163","$4,440",$923,$0,"$4,440",SERVICE@THEPRESTIGIOUSMARK.COM
THE PROMO DUDE,TX,$281,$0,$0,$0,$0,JMAURER@THEPROMODUDE.COM
THE RICHEY COMPANY,TX,"$11,090","$6,321",$0,$0,"$6,321",art@richeycompany.com
THE SOURCE MARKETING PRODUCTS,TX,$529,$0,$0,$0,$0,LSAMBOL@THESOURCEMPS.COM
THE SPILLMAN GROUP,TX,$0,$0,$0,$0,$0,wspillman@thespillmangroup.com
THE TOTAL SOURCE/ DATA PRO  TX,TX,"$4,114","$1,506",$0,$235,"$1,506",susan@thetotalsource.net
THE VENTURE CORPORATION   TX,TX,$0,$0,$0,$0,$0,SHARLA@VENTUREPRINT.NET
THE YOU NAME IT SHOP,TX,$0,$0,$0,$0,$0,SALES@TYNIS.COM
THOMAS GRAPHICS,TX,$727,$0,$0,$0,$0,dawn@thomasgraphicsinc.com
THOMPSON PRINT SOLUTIONS,TX,"$8,529","$4,471",$0,$0,"$4,471",TD@THOMPSONPRINTSOLUTIONS.COM
THREADTECH,TX,$461,$0,$0,$0,$0,threadtech@att.net
"TI TROPHIES, INC",TX,$266,$0,$0,$0,$0,lynn@trophiesinc.com
TIC TOC                    TX,TX,"$11,785","$1,060",$0,$0,"$1,060",accounting@tictoc.com
"TIMA BRANDS, INC",TX,$312,$0,$0,$0,$0,markm@timabranding.com
TJ SANDERS GROUP,TX,"$1,038","$4,999",$0,$0,"$4,999",beverly@tjsanders.com
TLC ADCENTIVES LLC,TX,$164,$0,$0,$0,$0,TERRI@TLCADCENTIVES.COM
TMG SPORTSWEAR,TX,$0,$0,$0,$0,$0,LESLIE@TMGSPORTSWEAR.COM
TMJ ENTERPRISES,TX,$650,$398,$0,$0,$398,mae.dennison@sbcglobal.net
TMTA SERVICES,TX,$413,$0,$0,$0,$0,felicia@tmta.com; ann@texastrucking.com
TNT PROMOTIONS LLC,TX,$621,$862,$0,$0,$862,lynn@tntpromos.biz
TODAY'S PRINT RESOURCE,TX,$308,$431,$0,$0,$431,randy@todaysprintresource.com
TOM'S PINS.COM INC,TX,$211,$0,$0,$0,$0,pinman@tomspins.com
TOP 2 BOTTOMMARKETING,TX,$0,"$1,509",$0,$0,"$1,509",ED@TOP2BOTTOMMARKETING.NET
TOUCAN GRAPHICS,TX,$610,$968,$0,$283,$968,stan@toucangraphics.com
TRACERY'S CONCEPT & DESIGN,TX,$0,$0,$0,$0,$0,
TRADEMARKS PROMOTIONAL PROD.,TX,"$6,213","$2,415",$0,$339,"$2,415",tpp@tmpromos.com
TRANS GRAPHICS,TX,$0,$0,$0,$0,$0,DENNIS@TRANGRAPHICSINC.COM
TRANS TEXAS MULTIGRAPHX,TX,$0,$306,$0,$0,$306,
TREND BRAND SOLUTIONS,TX,$0,$146,$0,$0,$146,SALES@TRENDPROMO.COM; accounting@trendpromo.com
TRENDY EXPRESSIONS,TX,$51,$0,$0,$0,$0,trendyexpressions@verizon.net
TRIAD COMPANY,TX,$0,$0,$0,$0,$0,WILLIAMS@AMANYSTROM.COM
TUCKER LITHOGRAPHIC COMPANY IN,TX,"$1,693",$845,$0,$0,$845,Jeff@tuckerlithographic.com
TWIN EAGLE PROMOTIONS,TX,$0,$0,$0,$0,$0,twineaglepromo@sbcglobal.net
TYPE ON THINGS II,TX,$0,$359,$0,$0,$359,bowl7943pat@yahoo.com
U DAWG GRAPHICS,TX,$516,$0,$0,$0,$0,office@mo-coinc.com
"UB MARKETING, INC.",TX,$0,$627,$0,$0,$627,ubmktg@aol.com
"UNIFIED RESOURCES, INC.",TX,$360,$0,$0,$0,$0,yadams@urimarketing.com
"UNIFORMS ELITE, INC",TX,$0,$202,$0,$0,$202,sales@uniformselite.com
UNIQ GRAFIX,TX,$454,$0,$0,$0,$0,print@uniqgrafix.com
UNIQUE PRINTING & SPECIALTIES,TX,$0,$187,$0,$0,$187,
"UNIQUE SPIRIT COMPANY, LLC",TX,$784,$397,$0,$0,$397,USC.PRODUCTION@YAHOO.COM; uniquespirit227@gmail.com
UNIQUELY YOURS,TX,$0,$834,$0,$0,$834,uniquelyrs@sbcglobal.net
UNIVERSITY OF NORTH TEXAS,TX,"$9,154",$0,$0,$0,$0,invoices@untsystem.edu
"URBAN CIRCLE, LLC",TX,$0,$403,$0,$0,$403,ADMIN@TUCLLC.US
URMARKETEAM EVOLUTION MARKETIN,TX,$420,$0,$420,$0,$0,info@urmarketeam.com
USC PROMOS,TX,$0,$240,$0,$0,$240,usc.production@yahoo.com
USSERY PRINTING,TX,$0,$0,$0,$0,$0,NWASHINGTON@USSERYPRINTING.COM
UTOPIA BUSINESS PRODUCTS,TX,$621,$0,$0,$0,$0,david@utopiabp.com
UVS ENTERPRISES LLC,TX,$819,$0,$0,$0,$0,SALES@UVSPROMO.COM
VALLEY VIEW PRODUCTIONS,TX,$0,$899,$0,$0,$899,accounting@thetshirtguys.com
VANDERSLICE PROMOTIONS,TX,$948,$0,$0,$0,$0,brandon@vanderslicepromotions.com
"VECO PRINTING, INC.",TX,$0,$0,$0,$0,$0,j.sims@vecoprinting.com
VENUE PROMOTIONS,TX,$0,$0,$0,$0,$0,JANET@VENUE-PROMOTIONS.COM
VERBA HEALTHCARE PROMOTIONS,TX,$0,$842,$0,$0,$842,ap@goverba.com
VERNER ADVERTISING,TX,$0,$0,$0,$0,$0,
VESTIGE INTERNATIONAL,TX,"$1,457",$0,$0,$0,$0,crwash@sbcglobal.net
VGVISUALS,TX,$811,$0,$0,$0,$0,mjohnson@thevendorguide.com
VIATECH PUBLISHING SOLUTIONS,TX,"$14,004",$-393,$0,$0,$-393,rwhite@viatechpub.com; nshatko@viatechpub.com
VICKI DAVIS PROMOTIONS,TX,$219,$0,$0,$0,$0,vickidthatisme@yahoo.com
VICTORY DESIGNS,TX,$0,$0,$0,$0,$0,MFOX@VICTORYDESIGNSTX.COM; TARA@VICTORYDESIGNSTX.COM
VICTORY MARKETING SOLUTIONS,TX,$183,$937,$0,$192,$937,dj@victorypromo.com
VIELMA ASSOCIATEPRINT IT ON IT,TX,$0,$211,$0,$0,$211,JOSE@VIELMA-ASSOCIATES.COM
VISION II LLC,TX,$414,$0,$0,$0,$0,dorothycheatham@zoho.com
VISUAL EXCELLENCE,TX,$181,$0,$0,$0,$0,PAUL@VISUALEXC.COM
VISUAL MARKETING,TX,"$3,542","$1,715",$0,$156,"$1,715",tina@visualmktg.biz
VIVID IMPRESSIONS,TX,$0,$0,$0,$0,$0,sharon@vivimp.com
"W. M. MARTIN ADVERTISING, INC.",TX,$779,"$2,409",$0,$907,"$2,409",CS@WMMADV.COM
W.D. WEBB PRINTING SERVICES,TX,$0,$312,$0,$0,$312,wdwebb.printing@verizon.net
WALK THE WALK PROMOTIONS,TX,$175,$0,$0,$0,$0,june@walkthewalkpromotions.com
"WALKER ADVERTISING, INC.",TX,"$4,626",$991,$0,$0,$991,DIANNE@WALKERPROMO.COM
WALTER ALLAN STUDIO,TX,$807,$0,$351,$0,$0,WALTER@WALTERALLANSTUDIOS.COM
"WARDELL ENTERPRISES, INC.",TX,$287,$0,$0,$0,$0,
"WATERMARK GRAPHICS, INC",TX,"$1,535",$-28,$0,$0,$-28,michelle@watermarkgraphics.com
WATERMARK GRAPHICS-DO NOT USE,TX,$824,$0,$0,$0,$0,MICHELLE@WATERMARKGRAPHICS.COM
WAYNE ENTERPRISES INC.,TX,"$5,184","$1,516","$2,334",$0,"$1,516",dawn@wayne-ent.com;cindy@wayne-ent.com
WE'VE GOTCHA COVERED,TX,$473,$0,$0,$0,$0,GINGER@ASKGINGER.NET
WHATEVER! CUSTOM PROMO PRNTG,TX,$0,$375,$0,$0,$375,sheree@whateverpromo.com
WHITESTONE PRINTING,TX,$814,$0,$219,$0,$0,caroline@whitestoneprinting.com
WHOLESALE CAPS ETC.,TX,$195,$0,$195,$0,$0,wceorderdesk@att.net
WHOLESALE SERVOCES,TX,$0,$674,$0,$0,$674,RGOODIER@WT.NET
"WILDE ADVERTISING, INC.",TX,$0,$0,$0,$0,$0,CLAYHWILDE@AOL.COM
WILLIE'S T'S & EMBROIDERY,TX,$500,"$1,112",$0,$0,"$1,112",LINDA@GOTOWILLIES.COM
"WINGS SPORTSWEAR, INC.",TX,"$3,247","$1,085","$1,024",$673,"$1,085",becky.preshong@alamotees.com; tracy.holt@alamotees.com
WINSTAR INTERNATIONAL,TX,$558,$696,$0,$455,$696,jirwin@winstarllc.com
WINWIN LOGO PROMOTIONS,TX,$326,$940,$0,$0,$940,payables@winwinlogo.com; nmoehle@winwinlogo.com
"WORLDWIDE SPECIALTY ADV., INC.",TX,$0,"$1,255",$0,$10,"$1,255",CUSTOMERSERVICE@WSAPROMOS.COM
WORLDWIDE SUPPLY,TX,"$1,229",$690,$0,$690,$690,jessica.peek@getnoticedpromo.com
"WORTHY PROMOTIONS, INC",TX,$0,$83,$0,$0,$83,LINDA@WORTHYPROMOTIONS.COM
"WOUNDED FROG, LTD",TX,$374,"$1,647",$0,$0,"$1,647",DEBRA.F@WOUNDEDFROG.COM
WOW THE CROWD PROMOTIONS,TX,$513,$0,$0,$0,$0,daphne@wowthecrowdpromotions.com
XACT BUSINESS SOLUTIONS,TX,$0,"$1,154",$-277,$0,"$1,154",lparker@xactly.net
XACTXPRESSIONS,TX,$702,$0,$0,$0,$0,zucchini@xactx.com
XICO PRODUCTIONS,TX,$400,$0,$0,$0,$0,XICO667@AOL.COM; xicoproductions@aol.com
XPERT MEDIA MANAGEMENT,TX,$271,$0,$0,$0,$0,sales@xmmllc.com
YESS CORP.COM,TX,"$1,059",$0,$0,$0,$0,james@yesscorp.com
YOU NAME IT SPECIALTIES,TX,"$1,214","$3,552",$0,$0,"$3,552",INVOICES@YNIS.NET
YOUR IDEAS INC,TX,$0,$447,$0,$0,$447,
YOUR NAME HERE ADVERTISING,TX,$471,$0,$0,$0,$0,lisafjohnson@live.com
YOUR PROMO SPOT,TX,$0,$0,$0,$0,$0,MR.JUANDERFUL@YOURPROMOSPOT.COM
YPS GROUP,TX,$0,$369,$0,$0,$369,kcowes@findgreatpromoitems.com
Z PROMOTIONAL INC.,TX,$0,$0,$0,$0,$0,DEBBIE@ZPROZ.COM
ZAK PRODUCTS,TX,"$4,664","$2,285",$0,$0,"$2,285",jculberson@zakproducts.com
ZIMMERLY & CO INC,TX,$0,$0,$0,$0,$0,
ZION PROMOTIONAL PRODUCTS,TX,$331,$0,$0,$0,$0,derek@zionpromo.com; sales@zionpromo.com
ZIP SUPPLY,TX,$169,$0,$0,$0,$0,shannon@zipsuper.com
ZOOBY PROMOTIONAL,TX,$421,$302,$0,$0,$302,BRETT@ZOOBY-PROMOTIONAL.COM
TX,TOTAL:,"$1,045,599","$701,630","$49,865","$57,053","$701,630",
,GRAND TOTAL:,"$1,158,072","$770,818","$58,619","$61,609","$770,818",
12/31/2014,Page -1 of 1,,,,,,
,,,,,,,
,,,67%,,,,
